seqid,source,type,start,end,score,strand,phase,gene_id,gene_type,gene_name,level,havana_gene,remap_status,remap_num_mappings,remap_target_status,transcript_id,transcript_type,transcript_name,transcript_support_level,tag,havana_transcript,exon_number,exon_id,remap_original_location,ont,protein_id,ccdsid,gene_status,remap_substituted_missing_target,transcript_status
chr1,HAVANA,gene,11869,14409,NA,+,NA,ENSG00000223972,transcribed_unprocessed_pseudogene,DDX11L1,2,OTTHUMG00000000961.2_2,full_contig,1,overlap,NA,NA,NA,NA,NA,NA,NA,NA,NA,NA,NA,NA,NA,NA,NA
chr1,HAVANA,gene,14404,29570,NA,-,NA,ENSG00000227232,unprocessed_pseudogene,WASH7P,2,OTTHUMG00000000958.1_2,full_contig,1,overlap,NA,NA,NA,NA,NA,NA,NA,NA,NA,NA,NA,NA,NA,NA,NA
chr1,HAVANA,gene,29554,31109,NA,+,NA,ENSG00000243485,lincRNA,RP11-34P13.3,2,OTTHUMG00000000959.2_4,full_contig,1,overlap,NA,NA,NA,NA,ncRNA_host,NA,NA,NA,NA,NA,NA,NA,NA,NA,NA
chr1,HAVANA,gene,34554,36081,NA,-,NA,ENSG00000237613,lincRNA,FAM138A,2,OTTHUMG00000000960.1_2,full_contig,1,overlap,NA,NA,NA,NA,NA,NA,NA,NA,NA,NA,NA,NA,NA,NA,NA
chr1,HAVANA,gene,52473,53312,NA,+,NA,ENSG00000268020,unprocessed_pseudogene,OR4G4P,2,OTTHUMG00000185779.1_4,full_contig,1,overlap,NA,NA,NA,NA,NA,NA,NA,NA,NA,NA,NA,NA,NA,NA,NA
chr1,HAVANA,gene,57598,64116,NA,+,NA,ENSG00000240361,transcribed_unprocessed_pseudogene,OR4G11P,2,OTTHUMG00000001095.3_3,full_contig,1,overlap,NA,NA,NA,NA,NA,NA,NA,NA,NA,NA,NA,NA,NA,NA,NA
chr1,HAVANA,gene,65419,71585,NA,+,NA,ENSG00000186092,protein_coding,OR4F5,2,OTTHUMG00000001094.4_4,full_contig,1,overlap,NA,NA,NA,NA,NA,NA,NA,NA,NA,NA,NA,NA,NA,NA,NA
chr1,HAVANA,gene,89295,133723,NA,-,NA,ENSG00000238009,lincRNA,RP11-34P13.7,2,OTTHUMG00000001096.2_5,full_contig,1,overlap,NA,NA,NA,NA,overlapping_locus,NA,NA,NA,NA,NA,NA,NA,NA,NA,NA
chr1,HAVANA,gene,89551,91105,NA,-,NA,ENSG00000239945,lincRNA,RP11-34P13.8,2,OTTHUMG00000001097.2_5,full_contig,1,overlap,NA,NA,NA,NA,overlapping_locus,NA,NA,NA,NA,NA,NA,NA,NA,NA,NA
chr1,HAVANA,gene,131025,134836,NA,+,NA,ENSG00000233750,processed_pseudogene,RP11-34P13.10,1,OTTHUMG00000001257.3_3,full_contig,1,overlap,NA,NA,NA,NA,pseudo_consens,NA,NA,NA,NA,NA,NA,NA,NA,NA,NA
chr1,ENSEMBL,gene,134901,139379,NA,-,NA,ENSG00000237683,protein_coding,AL627309.1,3,NA,automatic_gene,NA,NA,NA,NA,NA,NA,NA,NA,NA,NA,NA,NA,NA,NA,KNOWN,V19,NA
chr1,HAVANA,gene,135141,135895,NA,-,NA,ENSG00000268903,processed_pseudogene,RP11-34P13.15,2,OTTHUMG00000182518.2_4,full_contig,1,overlap,NA,NA,NA,NA,NA,NA,NA,NA,NA,NA,NA,NA,NA,NA,NA
chr1,HAVANA,gene,137682,137965,NA,-,NA,ENSG00000269981,processed_pseudogene,RP11-34P13.16,2,OTTHUMG00000182738.2_4,full_contig,1,overlap,NA,NA,NA,NA,NA,NA,NA,NA,NA,NA,NA,NA,NA,NA,NA
chr1,HAVANA,gene,139790,140339,NA,-,NA,ENSG00000239906,antisense,RP11-34P13.14,2,OTTHUMG00000002481.1_4,full_contig,1,overlap,NA,NA,NA,NA,NA,NA,NA,NA,NA,NA,NA,NA,NA,NA,NA
chr1,HAVANA,gene,141474,173862,NA,-,NA,ENSG00000241860,processed_transcript,RP11-34P13.13,2,OTTHUMG00000002480.3_4,full_contig,1,overlap,NA,NA,NA,NA,ncRNA_host,NA,NA,NA,NA,NA,NA,NA,NA,NA,NA
chr1,ENSEMBL,gene,157784,157887,NA,-,NA,ENSG00000222623,snRNA,RNU6-1100P,3,NA,automatic_gene,NA,NA,NA,NA,NA,NA,NA,NA,NA,NA,NA,NA,NA,NA,KNOWN,V19,NA
chr1,HAVANA,gene,160446,161525,NA,+,NA,ENSG00000241599,lincRNA,RP11-34P13.9,2,OTTHUMG00000002525.1_4,full_contig,1,overlap,NA,NA,NA,NA,NA,NA,NA,NA,NA,NA,NA,NA,NA,NA,NA
chr1,HAVANA,gene,227615,267253,NA,-,NA,ENSG00000228463,lincRNA,AP006222.2,2,OTTHUMG00000002553.2,NA,NA,NA,NA,NA,NA,NA,NA,NA,NA,NA,NA,NA,NA,NA,NOVEL,V19,NA
chr1,HAVANA,gene,326096,328112,NA,+,NA,ENSG00000250575,pseudogene,RP4-669L17.8,1,OTTHUMG00000002861.2,NA,NA,NA,NA,NA,NA,NA,pseudo_consens,NA,NA,NA,NA,NA,NA,NA,KNOWN,V19,NA
chr1,HAVANA,gene,329431,332236,NA,-,NA,ENSG00000233653,pseudogene,CICP7,1,OTTHUMG00000057429.3,NA,NA,NA,NA,NA,NA,NA,pseudo_consens,NA,NA,NA,NA,NA,NA,NA,KNOWN,V19,NA
chr1,HAVANA,gene,334126,334305,NA,+,NA,ENSG00000224813,pseudogene,RP4-669L17.4,2,OTTHUMG00000002857.4,NA,NA,NA,NA,NA,NA,NA,NA,NA,NA,NA,NA,NA,NA,NA,KNOWN,V19,NA
chr1,HAVANA,gene,367640,368634,NA,+,NA,ENSG00000235249,protein_coding,OR4F29,2,OTTHUMG00000002860.1,NA,NA,NA,NA,NA,NA,NA,NA,NA,NA,NA,NA,NA,NA,NA,KNOWN,V19,NA
chr1,HAVANA,gene,379105,379467,NA,-,NA,ENSG00000269732,pseudogene,WBP1LP7,1,OTTHUMG00000002859.2,NA,NA,NA,NA,NA,NA,NA,pseudo_consens,NA,NA,NA,NA,NA,NA,NA,KNOWN,V19,NA
chr1,ENSEMBL,gene,450820,450910,NA,-,NA,ENSG00000256186,pseudogene,AL732372.1,3,NA,automatic_gene,NA,NA,NA,NA,NA,NA,NA,NA,NA,NA,NA,NA,NA,NA,NOVEL,V19,NA
chr1,HAVANA,gene,453633,460480,NA,-,NA,ENSG00000236601,lincRNA,RP4-669L17.2,2,OTTHUMG00000002855.2,NA,NA,NA,NA,NA,NA,NA,NA,NA,NA,NA,NA,NA,NA,NA,NOVEL,V19,NA
chr1,HAVANA,gene,459656,461954,NA,+,NA,ENSG00000236743,lincRNA,RP5-857K21.15,2,OTTHUMG00000156971.1,NA,NA,NA,NA,NA,NA,NA,NA,NA,NA,NA,NA,NA,NA,NA,NOVEL,V19,NA
chr1,HAVANA,gene,470971,471355,NA,+,NA,ENSG00000236679,pseudogene,RP4-669L17.1,1,OTTHUMG00000002854.4,NA,NA,NA,NA,NA,NA,NA,pseudo_consens,NA,NA,NA,NA,NA,NA,NA,KNOWN,V19,NA
chr1,HAVANA,gene,521451,763176,NA,-,NA,ENSG00000230021,transcribed_processed_pseudogene,RP11-206L10.17,2,OTTHUMG00000191652.2_4,full_contig,1,overlap,NA,NA,NA,NA,NA,NA,NA,NA,NA,NA,NA,NA,NA,NA,NA
chr1,HAVANA,gene,523009,530148,NA,+,NA,ENSG00000235146,lincRNA,RP5-857K21.2,2,OTTHUMG00000002329.1_4,full_contig,1,overlap,NA,NA,NA,NA,NA,NA,NA,NA,NA,NA,NA,NA,NA,NA,NA
chr1,HAVANA,gene,564442,564813,NA,+,NA,ENSG00000225972,unprocessed_pseudogene,RP5-857K21.9,2,OTTHUMG00000002338.1_3,full_contig,1,overlap,NA,NA,NA,NA,NA,NA,NA,NA,NA,NA,NA,NA,NA,NA,NA
chr1,HAVANA,gene,565020,566063,NA,+,NA,ENSG00000225630,unprocessed_pseudogene,RP5-857K21.8,2,OTTHUMG00000002336.1_3,full_contig,1,overlap,NA,NA,NA,NA,NA,NA,NA,NA,NA,NA,NA,NA,NA,NA,NA
chr1,HAVANA,gene,566454,567996,NA,+,NA,ENSG00000237973,unprocessed_pseudogene,RP5-857K21.6,2,OTTHUMG00000002333.2_3,full_contig,1,overlap,NA,NA,NA,NA,NA,NA,NA,NA,NA,NA,NA,NA,NA,NA,NA
chr1,HAVANA,gene,568137,568818,NA,+,NA,ENSG00000229344,unprocessed_pseudogene,RP5-857K21.7,2,OTTHUMG00000002334.1_3,full_contig,1,overlap,NA,NA,NA,NA,NA,NA,NA,NA,NA,NA,NA,NA,NA,NA,NA
chr1,HAVANA,gene,568915,569121,NA,+,NA,ENSG00000240409,unprocessed_pseudogene,RP5-857K21.14,2,OTTHUMG00000002473.1_3,full_contig,1,overlap,NA,NA,NA,NA,overlapping_locus,NA,NA,NA,NA,NA,NA,NA,NA,NA,NA
chr1,HAVANA,gene,569076,569756,NA,+,NA,ENSG00000248527,unprocessed_pseudogene,RP5-857K21.10,2,OTTHUMG00000002335.2_3,full_contig,1,overlap,NA,NA,NA,NA,overlapping_locus,NA,NA,NA,NA,NA,NA,NA,NA,NA,NA
chr1,HAVANA,gene,569756,570302,NA,+,NA,ENSG00000198744,unprocessed_pseudogene,RP5-857K21.11,2,OTTHUMG00000002337.2_3,full_contig,1,overlap,NA,NA,NA,NA,NA,NA,NA,NA,NA,NA,NA,NA,NA,NA,NA
chr1,HAVANA,gene,610222,610645,NA,+,NA,ENSG00000268663,processed_pseudogene,RP5-857K21.12,1,OTTHUMG00000002340.3_3,full_contig,1,overlap,NA,NA,NA,NA,pseudo_consens,NA,NA,NA,NA,NA,NA,NA,NA,NA,NA
chr1,HAVANA,gene,621059,622053,NA,-,NA,ENSG00000284662,protein_coding,OR4F16,2,OTTHUMG00000002581.3_1,full_contig,1,overlap,NA,NA,NA,NA,overlapping_locus,NA,NA,NA,NA,NA,NA,NA,NA,NA,NA
chr1,HAVANA,gene,657472,660283,NA,+,NA,ENSG00000229376,processed_pseudogene,RP11-206L10.15,1,OTTHUMG00000057431.3_3,full_contig,1,overlap,NA,NA,NA,NA,pseudo_consens,NA,NA,NA,NA,NA,NA,NA,NA,NA,NA
chr1,HAVANA,gene,661265,714006,NA,-,NA,ENSG00000228327,transcribed_unprocessed_pseudogene,RP11-206L10.2,2,OTTHUMG00000002406.2_5,full_contig,1,overlap,NA,NA,NA,NA,NA,NA,NA,NA,NA,NA,NA,NA,NA,NA,NA
chr1,HAVANA,gene,677193,685396,NA,-,NA,ENSG00000235373,lincRNA,RP11-206L10.3,2,OTTHUMG00000002407.1,NA,NA,NA,NA,NA,NA,NA,NA,NA,NA,NA,NA,NA,NA,NA,NOVEL,V19,NA
chr1,ENSEMBL,gene,693613,693716,NA,-,NA,ENSG00000223181,snRNA,RNU6-1199P,3,NA,automatic_gene,NA,NA,NA,NA,NA,NA,NA,NA,NA,NA,NA,NA,NA,NA,KNOWN,V19,NA
chr1,HAVANA,gene,696291,697369,NA,+,NA,ENSG00000229905,antisense,RP11-206L10.4,2,OTTHUMG00000002408.1_4,full_contig,1,overlap,NA,NA,NA,NA,NA,NA,NA,NA,NA,NA,NA,NA,NA,NA,NA
chr1,HAVANA,gene,714150,745440,NA,+,NA,ENSG00000237491,lincRNA,RP11-206L10.9,2,OTTHUMG00000002404.7_4,full_contig,1,overlap,NA,NA,NA,NA,NA,NA,NA,NA,NA,NA,NA,NA,NA,NA,NA
chr1,HAVANA,gene,717317,717430,NA,+,NA,ENSG00000285268,transcribed_processed_pseudogene,RP11-206L10.18,2,OTTHUMG00000192553.1_1,full_contig,1,new,NA,NA,NA,NA,overlapping_locus,NA,NA,NA,NA,NA,NA,NA,NA,NA,NA
chr1,HAVANA,gene,736259,753092,NA,-,NA,ENSG00000230092,transcribed_unprocessed_pseudogene,RP11-206L10.8,2,OTTHUMG00000002403.3_4,full_contig,1,overlap,NA,NA,NA,NA,overlapping_locus,NA,NA,NA,NA,NA,NA,NA,NA,NA,NA
chr1,ENSEMBL,gene,738532,739137,NA,-,NA,ENSG00000269831,protein_coding,AL669831.1,3,NA,automatic_gene,NA,NA,NA,NA,NA,NA,NA,NA,NA,NA,NA,NA,NA,NA,NOVEL,V19,NA
chr1,HAVANA,gene,752751,755217,NA,+,NA,ENSG00000177757,lincRNA,FAM87B,2,OTTHUMG00000002471.2_2,full_contig,1,overlap,NA,NA,NA,NA,NA,NA,NA,NA,NA,NA,NA,NA,NA,NA,NA
chr1,HAVANA,gene,760518,794826,NA,+,NA,ENSG00000228794,processed_transcript,RP11-206L10.11,2,OTTHUMG00000002468.7_3,full_contig,1,overlap,NA,NA,NA,NA,NA,NA,NA,NA,NA,NA,NA,NA,NA,NA,NA
chr1,HAVANA,gene,761586,762902,NA,-,NA,ENSG00000225880,lincRNA,NCRNA00115,2,OTTHUMG00000141258.2_3,full_contig,1,overlap,NA,NA,NA,NA,NA,NA,NA,NA,NA,NA,NA,NA,NA,NA,NA
chr1,HAVANA,gene,803451,812283,NA,-,NA,ENSG00000230368,lincRNA,FAM41C,2,OTTHUMG00000002469.1_2,full_contig,1,overlap,NA,NA,NA,NA,NA,NA,NA,NA,NA,NA,NA,NA,NA,NA,NA
chr1,HAVANA,gene,808672,809729,NA,+,NA,ENSG00000234711,unprocessed_pseudogene,TUBB8P11,1,OTTHUMG00000002470.2_2,full_contig,1,overlap,NA,NA,NA,NA,pseudo_consens,NA,NA,NA,NA,NA,NA,NA,NA,NA,NA
chr1,HAVANA,gene,809909,812614,NA,-,NA,ENSG00000283040,transcribed_unprocessed_pseudogene,FAM166AP3,2,OTTHUMG00000191520.1_4,full_contig,1,new,NA,NA,NA,NA,NA,NA,NA,NA,NA,NA,NA,NA,NA,NA,NA
chr1,ENSEMBL,gene,818043,819983,NA,+,NA,ENSG00000269308,protein_coding,AL645608.2,3,NA,automatic_gene,NA,NA,NA,NA,NA,NA,NA,NA,NA,NA,NA,NA,NA,NA,NOVEL,V19,NA
chr1,HAVANA,gene,840214,851356,NA,+,NA,ENSG00000272438,lincRNA,RP11-54O7.16,2,OTTHUMG00000185550.1_5,full_contig,1,overlap,NA,NA,NA,NA,overlapping_locus,NA,NA,NA,NA,NA,NA,NA,NA,NA,NA
chr1,HAVANA,gene,846815,850328,NA,+,NA,ENSG00000230699,lincRNA,RP11-54O7.1,2,OTTHUMG00000040716.1_5,full_contig,1,overlap,NA,NA,NA,NA,overlapping_locus,NA,NA,NA,NA,NA,NA,NA,NA,NA,NA
chr1,HAVANA,gene,849551,850351,NA,+,NA,ENSG00000241180,lincRNA,RP11-54O7.2,2,OTTHUMG00000040717.2_5,full_contig,1,overlap,NA,NA,NA,NA,overlapping_locus,NA,NA,NA,NA,NA,NA,NA,NA,NA,NA
chr1,HAVANA,gene,852245,856396,NA,-,NA,ENSG00000223764,lincRNA,RP11-54O7.3,2,OTTHUMG00000040718.2_4,full_contig,1,overlap,NA,NA,NA,NA,NA,NA,NA,NA,NA,NA,NA,NA,NA,NA,NA
chr1,HAVANA,gene,859308,879961,NA,+,NA,ENSG00000187634,protein_coding,SAMD11,2,OTTHUMG00000040719.10_5,full_contig,1,overlap,NA,NA,NA,NA,NA,NA,NA,NA,NA,NA,NA,NA,NA,NA,NA
chr1,ENSEMBL,gene,861264,866445,NA,-,NA,ENSG00000268179,protein_coding,AL645608.1,3,NA,automatic_gene,NA,NA,NA,NA,NA,NA,NA,NA,NA,NA,NA,NA,NA,NA,NOVEL,V19,NA
chr1,HAVANA,gene,879584,894689,NA,-,NA,ENSG00000188976,protein_coding,NOC2L,2,OTTHUMG00000040720.1_2,full_contig,1,overlap,NA,NA,NA,NA,NA,NA,NA,NA,NA,NA,NA,NA,NA,NA,NA
chr1,HAVANA,gene,895967,901095,NA,+,NA,ENSG00000187961,protein_coding,KLHL17,2,OTTHUMG00000040721.6_3,full_contig,1,overlap,NA,NA,NA,NA,NA,NA,NA,NA,NA,NA,NA,NA,NA,NA,NA
chr1,HAVANA,gene,901877,911245,NA,+,NA,ENSG00000187583,protein_coding,PLEKHN1,2,OTTHUMG00000040756.4_3,full_contig,1,overlap,NA,NA,NA,NA,NA,NA,NA,NA,NA,NA,NA,NA,NA,NA,NA
chr1,HAVANA,gene,910584,917473,NA,-,NA,ENSG00000187642,protein_coding,PERM1,2,OTTHUMG00000040757.3_2,full_contig,1,overlap,NA,NA,NA,NA,NA,NA,NA,NA,NA,NA,NA,NA,NA,NA,NA
chr1,HAVANA,gene,931346,933431,NA,-,NA,ENSG00000272512,lincRNA,RP11-54O7.17,2,OTTHUMG00000185581.1_4,full_contig,1,overlap,NA,NA,NA,NA,NA,NA,NA,NA,NA,NA,NA,NA,NA,NA,NA
chr1,HAVANA,gene,934342,935552,NA,-,NA,ENSG00000188290,protein_coding,HES4,2,OTTHUMG00000040758.2_3,full_contig,1,overlap,NA,NA,NA,NA,NA,NA,NA,NA,NA,NA,NA,NA,NA,NA,NA
chr1,HAVANA,gene,936518,949921,NA,+,NA,ENSG00000187608,protein_coding,ISG15,2,OTTHUMG00000040777.3_4,full_contig,1,overlap,NA,NA,NA,NA,NA,NA,NA,NA,NA,NA,NA,NA,NA,NA,NA
chr1,HAVANA,gene,943456,943609,NA,-,NA,ENSG00000231702,processed_pseudogene,RP11-54O7.10,2,OTTHUMG00000040759.3_4,full_contig,1,overlap,NA,NA,NA,NA,NA,NA,NA,NA,NA,NA,NA,NA,NA,NA,NA
chr1,HAVANA,gene,947377,948573,NA,-,NA,ENSG00000224969,antisense,RP11-54O7.11,1,OTTHUMG00000040779.1_4,full_contig,1,overlap,NA,NA,NA,NA,NA,NA,NA,NA,NA,NA,NA,NA,NA,NA,NA
chr1,HAVANA,gene,955503,991498,NA,+,NA,ENSG00000188157,protein_coding,AGRN,2,OTTHUMG00000040778.5_4,full_contig,1,overlap,NA,NA,NA,NA,overlapping_locus,NA,NA,NA,NA,NA,NA,NA,NA,NA,NA
chr1,HAVANA,gene,990413,991496,NA,+,NA,ENSG00000242590,sense_intronic,RP11-54O7.14,2,OTTHUMG00000040780.1_5,full_contig,1,overlap,NA,NA,NA,NA,overlapping_locus,NA,NA,NA,NA,NA,NA,NA,NA,NA,NA
chr1,HAVANA,gene,995114,1004735,NA,+,NA,ENSG00000217801,transcribed_unprocessed_pseudogene,RP11-465B22.3,2,OTTHUMG00000000629.3_4,full_contig,1,overlap,NA,NA,NA,NA,NA,NA,NA,NA,NA,NA,NA,NA,NA,NA,NA
chr1,HAVANA,gene,997588,998668,NA,-,NA,ENSG00000273443,lincRNA,RP11-54O7.18,2,OTTHUMG00000186253.1_4,full_contig,1,overlap,NA,NA,NA,NA,NA,NA,NA,NA,NA,NA,NA,NA,NA,NA,NA
chr1,HAVANA,gene,1006346,1009687,NA,-,NA,ENSG00000237330,protein_coding,RNF223,2,OTTHUMG00000185582.1_2,full_contig,1,overlap,NA,NA,NA,NA,NA,NA,NA,NA,NA,NA,NA,NA,NA,NA,NA
chr1,HAVANA,gene,1017198,1051741,NA,-,NA,ENSG00000131591,protein_coding,C1orf159,2,OTTHUMG00000000745.9_4,full_contig,1,overlap,NA,NA,NA,NA,NA,NA,NA,NA,NA,NA,NA,NA,NA,NA,NA
chr1,HAVANA,gene,1072397,1079436,NA,+,NA,ENSG00000223823,lincRNA,RP11-465B22.5,2,OTTHUMG00000000827.1_3,full_contig,1,overlap,NA,NA,NA,NA,NA,NA,NA,NA,NA,NA,NA,NA,NA,NA,NA
chr1,ENSEMBL,gene,1102484,1102578,NA,+,NA,ENSG00000207730,miRNA,MIR200B,3,NA,automatic_gene,NA,NA,NA,NA,NA,NA,NA,NA,NA,NA,NA,NA,NA,NA,KNOWN,V19,NA
chr1,ENSEMBL,gene,1103243,1103332,NA,+,NA,ENSG00000207607,miRNA,MIR200A,3,NA,automatic_gene,NA,NA,NA,NA,NA,NA,NA,NA,NA,NA,NA,NA,NA,NA,KNOWN,V19,NA
chr1,ENSEMBL,gene,1104385,1104467,NA,+,NA,ENSG00000198976,miRNA,MIR429,3,NA,automatic_gene,NA,NA,NA,NA,NA,NA,NA,NA,NA,NA,NA,NA,NA,NA,KNOWN,V19,NA
chr1,HAVANA,gene,1104737,1105723,NA,+,NA,ENSG00000272141,lincRNA,RP11-465B22.8,2,OTTHUMG00000185583.1_4,full_contig,1,overlap,NA,NA,NA,NA,NA,NA,NA,NA,NA,NA,NA,NA,NA,NA,NA
chr1,HAVANA,gene,1108436,1114935,NA,-,NA,ENSG00000205231,antisense,RP11-465B22.6,2,OTTHUMG00000000850.1_4,full_contig,1,overlap,NA,NA,NA,NA,NA,NA,NA,NA,NA,NA,NA,NA,NA,NA,NA
chr1,HAVANA,gene,1109264,1133315,NA,+,NA,ENSG00000162571,protein_coding,TTLL10,2,OTTHUMG00000000851.4_3,full_contig,1,overlap,NA,NA,NA,NA,NA,NA,NA,NA,NA,NA,NA,NA,NA,NA,NA
chr1,HAVANA,gene,1138888,1142071,NA,-,NA,ENSG00000186891,protein_coding,TNFRSF18,2,OTTHUMG00000001414.4_3,full_contig,1,overlap,NA,NA,NA,NA,NA,NA,NA,NA,NA,NA,NA,NA,NA,NA,NA
chr1,HAVANA,gene,1146706,1149518,NA,-,NA,ENSG00000186827,protein_coding,TNFRSF4,2,OTTHUMG00000001415.3_2,full_contig,1,overlap,NA,NA,NA,NA,NA,NA,NA,NA,NA,NA,NA,NA,NA,NA,NA
chr1,HAVANA,gene,1152288,1167411,NA,-,NA,ENSG00000078808,protein_coding,SDF4,2,OTTHUMG00000001812.6_2,full_contig,1,overlap,NA,NA,NA,NA,NA,NA,NA,NA,NA,NA,NA,NA,NA,NA,NA
chr1,HAVANA,gene,1167645,1170421,NA,+,NA,ENSG00000176022,protein_coding,B3GALT6,2,OTTHUMG00000001813.1_3,full_contig,1,overlap,NA,NA,NA,NA,retrogene,NA,NA,NA,NA,NA,NA,NA,NA,NA,NA
chr1,HAVANA,gene,1177826,1182102,NA,-,NA,ENSG00000184163,protein_coding,C1QTNF12,2,OTTHUMG00000001412.6_2,full_contig,1,overlap,NA,NA,NA,NA,NA,NA,NA,NA,NA,NA,NA,NA,NA,NA,NA
chr1,HAVANA,gene,1185157,1186714,NA,-,NA,ENSG00000260179,lincRNA,RP5-902P8.12,2,OTTHUMG00000175732.1_4,full_contig,1,overlap,NA,NA,NA,NA,NA,NA,NA,NA,NA,NA,NA,NA,NA,NA,NA
chr1,HAVANA,gene,1189289,1209265,NA,-,NA,ENSG00000160087,protein_coding,UBE2J2,2,OTTHUMG00000001911.9_3,full_contig,1,overlap,NA,NA,NA,NA,NA,NA,NA,NA,NA,NA,NA,NA,NA,NA,NA
chr1,HAVANA,gene,1210603,1215800,NA,+,NA,ENSG00000230415,lincRNA,RP5-902P8.10,2,OTTHUMG00000002234.2_3,full_contig,1,overlap,NA,NA,NA,NA,NA,NA,NA,NA,NA,NA,NA,NA,NA,NA,NA
chr1,HAVANA,gene,1215816,1227409,NA,+,NA,ENSG00000162572,protein_coding,SCNN1D,2,OTTHUMG00000002081.7_2,full_contig,1,overlap,NA,NA,NA,NA,NA,NA,NA,NA,NA,NA,NA,NA,NA,NA,NA
chr1,HAVANA,gene,1227756,1244989,NA,-,NA,ENSG00000131584,protein_coding,ACAP3,2,OTTHUMG00000002235.4_2,full_contig,1,overlap,NA,NA,NA,NA,ncRNA_host,NA,NA,NA,NA,NA,NA,NA,NA,NA,NA
chr1,HAVANA,gene,1243947,1247057,NA,+,NA,ENSG00000169972,protein_coding,PUSL1,2,OTTHUMG00000003361.3_2,full_contig,1,overlap,NA,NA,NA,NA,NA,NA,NA,NA,NA,NA,NA,NA,NA,NA,NA
chr1,HAVANA,gene,1246965,1260071,NA,-,NA,ENSG00000127054,protein_coding,INTS11,1,OTTHUMG00000003330.13_3,full_contig,1,overlap,NA,NA,NA,NA,overlapping_locus,NA,NA,NA,NA,NA,NA,NA,NA,NA,NA
chr1,HAVANA,gene,1252961,1254069,NA,-,NA,ENSG00000240731,sense_intronic,RP5-890O3.9,2,OTTHUMG00000003331.1_5,full_contig,1,overlap,NA,NA,NA,NA,overlapping_locus,NA,NA,NA,NA,NA,NA,NA,NA,NA,NA
chr1,HAVANA,gene,1260136,1264277,NA,+,NA,ENSG00000224051,protein_coding,CPTP,2,OTTHUMG00000003171.3_2,full_contig,1,overlap,NA,NA,NA,NA,NA,NA,NA,NA,NA,NA,NA,NA,NA,NA,NA
chr1,HAVANA,gene,1266694,1270686,NA,+,NA,ENSG00000169962,protein_coding,TAS1R3,2,OTTHUMG00000003071.1_2,full_contig,1,overlap,NA,NA,NA,NA,NA,NA,NA,NA,NA,NA,NA,NA,NA,NA,NA
chr1,HAVANA,gene,1270656,1284730,NA,-,NA,ENSG00000107404,protein_coding,DVL1,2,OTTHUMG00000003069.4_4,full_contig,1,overlap,NA,NA,NA,NA,ncRNA_host,NA,NA,NA,NA,NA,NA,NA,NA,NA,NA
chr1,HAVANA,gene,1288069,1297157,NA,-,NA,ENSG00000162576,protein_coding,MXRA8,2,OTTHUMG00000002973.5_2,full_contig,1,overlap,NA,NA,NA,NA,NA,NA,NA,NA,NA,NA,NA,NA,NA,NA,NA
chr1,HAVANA,gene,1309110,1310875,NA,-,NA,ENSG00000175756,protein_coding,AURKAIP1,2,OTTHUMG00000001413.3_2,full_contig,1,overlap,NA,NA,NA,NA,NA,NA,NA,NA,NA,NA,NA,NA,NA,NA,NA
chr1,HAVANA,gene,1314046,1314412,NA,+,NA,ENSG00000223663,processed_pseudogene,RP5-890O3.3,1,OTTHUMG00000002972.2_4,full_contig,1,overlap,NA,NA,NA,NA,pseudo_consens,NA,NA,NA,NA,NA,NA,NA,NA,NA,NA
chr1,HAVANA,gene,1321091,1334708,NA,-,NA,ENSG00000221978,protein_coding,CCNL2,2,OTTHUMG00000002917.6_2,full_contig,1,overlap,NA,NA,NA,NA,NA,NA,NA,NA,NA,NA,NA,NA,NA,NA,NA
chr1,HAVANA,gene,1334902,1337426,NA,+,NA,ENSG00000224870,processed_transcript,RP4-758J18.2,2,OTTHUMG00000002908.4_4,full_contig,1,overlap,NA,NA,NA,NA,NA,NA,NA,NA,NA,NA,NA,NA,NA,NA,NA
chr1,HAVANA,gene,1337288,1342693,NA,-,NA,ENSG00000242485,protein_coding,MRPL20,1,OTTHUMG00000002916.3_2,full_contig,1,overlap,NA,NA,NA,NA,ncRNA_host,NA,NA,NA,NA,NA,NA,NA,NA,NA,NA
chr1,ENSEMBL,gene,1340841,1341132,NA,-,NA,ENSG00000264293,misc_RNA,RN7SL657P,3,NA,automatic_gene,NA,NA,NA,NA,NA,NA,NA,NA,NA,NA,NA,NA,NA,NA,KNOWN,V19,NA
chr1,HAVANA,gene,1344476,1345998,NA,+,NA,ENSG00000272455,lincRNA,RP4-758J18.13,2,OTTHUMG00000185586.1_4,full_contig,1,overlap,NA,NA,NA,NA,NA,NA,NA,NA,NA,NA,NA,NA,NA,NA,NA
chr1,HAVANA,gene,1353800,1357149,NA,-,NA,ENSG00000235098,protein_coding,ANKRD65,1,OTTHUMG00000002911.4_3,full_contig,1,overlap,NA,NA,NA,NA,NA,NA,NA,NA,NA,NA,NA,NA,NA,NA,NA
chr1,HAVANA,gene,1355625,1358071,NA,+,NA,ENSG00000225905,antisense,RP4-758J18.7,2,OTTHUMG00000002912.1_4,full_contig,1,overlap,NA,NA,NA,NA,NA,NA,NA,NA,NA,NA,NA,NA,NA,NA,NA
chr1,HAVANA,gene,1361508,1363167,NA,+,NA,ENSG00000205116,protein_coding,TMEM88B,2,OTTHUMG00000153395.3_2,full_contig,1,overlap,NA,NA,NA,NA,NA,NA,NA,NA,NA,NA,NA,NA,NA,NA,NA
chr1,HAVANA,gene,1365919,1369953,NA,-,NA,ENSG00000225285,lincRNA,RP4-758J18.10,1,OTTHUMG00000002915.2_3,full_contig,1,overlap,NA,NA,NA,NA,NA,NA,NA,NA,NA,NA,NA,NA,NA,NA,NA
chr1,HAVANA,gene,1370241,1378262,NA,+,NA,ENSG00000179403,protein_coding,VWA1,1,OTTHUMG00000002975.5_3,full_contig,1,overlap,NA,NA,NA,NA,NA,NA,NA,NA,NA,NA,NA,NA,NA,NA,NA
chr1,HAVANA,gene,1385069,1405538,NA,+,NA,ENSG00000215915,protein_coding,ATAD3C,2,OTTHUMG00000000531.7_3,full_contig,1,overlap,NA,NA,NA,NA,NA,NA,NA,NA,NA,NA,NA,NA,NA,NA,NA
chr1,HAVANA,gene,1407149,1433228,NA,+,NA,ENSG00000160072,protein_coding,ATAD3B,2,OTTHUMG00000000577.5_2,full_contig,1,overlap,NA,NA,NA,NA,NA,NA,NA,NA,NA,NA,NA,NA,NA,NA,NA
chr1,HAVANA,gene,1438630,1444832,NA,+,NA,ENSG00000284740,transcribed_unprocessed_pseudogene,RP5-832C2.8,2,OTTHUMG00000192278.1_1,full_contig,1,new,NA,NA,NA,NA,NA,NA,NA,NA,NA,NA,NA,NA,NA,NA,NA
chr1,HAVANA,gene,1447531,1470067,NA,+,NA,ENSG00000197785,protein_coding,ATAD3A,2,OTTHUMG00000000575.6_3,full_contig,1,overlap,NA,NA,NA,NA,NA,NA,NA,NA,NA,NA,NA,NA,NA,NA,NA
chr1,HAVANA,gene,1470554,1475833,NA,-,NA,ENSG00000205090,protein_coding,TMEM240,2,OTTHUMG00000042193.3_2,full_contig,1,overlap,NA,NA,NA,NA,NA,NA,NA,NA,NA,NA,NA,NA,NA,NA,NA
chr1,HAVANA,gene,1477053,1510249,NA,-,NA,ENSG00000160075,protein_coding,SSU72,2,OTTHUMG00000000576.5_2,full_contig,1,overlap,NA,NA,NA,NA,NA,NA,NA,NA,NA,NA,NA,NA,NA,NA,NA
chr1,ENSEMBL,gene,1497726,1499904,NA,-,NA,ENSG00000215791,pseudogene,AL645728.2,3,NA,automatic_gene,NA,NA,NA,NA,NA,NA,NA,NA,NA,NA,NA,NA,NA,NA,KNOWN,V19,NA
chr1,HAVANA,gene,1510355,1512455,NA,+,NA,ENSG00000215014,lincRNA,RP5-832C2.5,2,OTTHUMG00000186983.1_5,full_contig,1,overlap,NA,NA,NA,NA,NA,NA,NA,NA,NA,NA,NA,NA,NA,NA,NA
chr1,ENSEMBL,gene,1515136,1515379,NA,+,NA,ENSG00000236684,pseudogene,AL645728.3,3,NA,automatic_gene,NA,NA,NA,NA,NA,NA,NA,NA,NA,NA,NA,NA,NA,NA,NOVEL,V19,NA
chr1,HAVANA,gene,1518890,1519289,NA,-,NA,ENSG00000274481,processed_pseudogene,RP11-345P4.11,2,OTTHUMG00000187518.1_4,full_contig,1,new,NA,NA,NA,NA,NA,NA,NA,NA,NA,NA,NA,NA,NA,NA,NA
chr1,HAVANA,gene,1533392,1535476,NA,-,NA,ENSG00000228594,protein_coding,C1orf233,2,OTTHUMG00000154864.4_4,full_contig,1,overlap,NA,NA,NA,NA,NA,NA,NA,NA,NA,NA,NA,NA,NA,NA,NA
chr1,HAVANA,gene,1549138,1551175,NA,-,NA,ENSG00000272106,antisense,RP11-345P4.9,2,OTTHUMG00000185588.1_4,full_contig,1,overlap,NA,NA,NA,NA,NA,NA,NA,NA,NA,NA,NA,NA,NA,NA,NA
chr1,HAVANA,gene,1550795,1565990,NA,+,NA,ENSG00000197530,protein_coding,MIB2,1,OTTHUMG00000074647.10_4,full_contig,1,overlap,NA,NA,NA,NA,NA,NA,NA,NA,NA,NA,NA,NA,NA,NA,NA
chr1,HAVANA,gene,1567474,1570639,NA,+,NA,ENSG00000189409,protein_coding,MMP23B,2,OTTHUMG00000074713.6_4,full_contig,1,overlap,NA,NA,NA,NA,NA,NA,NA,NA,NA,NA,NA,NA,NA,NA,NA
chr1,HAVANA,gene,1570603,1590473,NA,-,NA,ENSG00000248333,protein_coding,CDK11B,2,OTTHUMG00000078638.6_3,partial,2,overlap,NA,NA,NA,NA,NA,NA,NA,NA,NA,NA,NA,NA,NA,NA,NA
chr1,HAVANA,gene,1590786,1594063,NA,+,NA,ENSG00000272004,antisense,RP11-345P4.10,2,OTTHUMG00000185638.1_4,full_contig,1,overlap,NA,NA,NA,NA,NA,NA,NA,NA,NA,NA,NA,NA,NA,NA,NA
chr1,HAVANA,gene,1590990,1624167,NA,-,NA,ENSG00000189339,protein_coding,SLC35E2B,2,OTTHUMG00000078639.3_2,partial,1,overlap,NA,NA,NA,NA,NA,NA,NA,NA,NA,NA,NA,NA,NA,NA,NA
chr1,HAVANA,gene,1603429,1605836,NA,+,NA,ENSG00000269737,transcribed_processed_pseudogene,RP11-345P4.6,1,OTTHUMG00000182605.1_5,full_contig,1,overlap,NA,NA,NA,NA,overlapping_locus,NA,NA,NA,NA,NA,NA,NA,NA,NA,NA
chr1,HAVANA,gene,1631381,1633221,NA,+,NA,ENSG00000215914,unprocessed_pseudogene,MMP23A,2,OTTHUMG00000000585.6_2,full_contig,1,overlap,NA,NA,NA,NA,NA,NA,NA,NA,NA,NA,NA,NA,NA,NA,NA
chr1,HAVANA,gene,1634169,1655763,NA,-,NA,ENSG00000008128,protein_coding,CDK11A,2,OTTHUMG00000000703.15_4,full_contig,1,overlap,NA,NA,NA,NA,overlapping_locus,NA,NA,NA,NA,NA,NA,NA,NA,NA,NA
chr1,HAVANA,gene,1634175,1669127,NA,-,NA,ENSG00000268575,processed_transcript,RP1-283E3.8,2,OTTHUMG00000183552.1_5,full_contig,1,overlap,NA,NA,NA,NA,overlapping_locus,NA,NA,NA,NA,NA,NA,NA,NA,NA,NA
chr1,HAVANA,gene,1655951,1668690,NA,+,NA,ENSG00000227775,transcribed_processed_pseudogene,RP1-283E3.4,1,OTTHUMG00000000825.3_4,full_contig,1,overlap,NA,NA,NA,NA,pseudo_consens,NA,NA,NA,NA,NA,NA,NA,NA,NA,NA
chr1,HAVANA,gene,1656277,1677438,NA,-,NA,ENSG00000215790,protein_coding,SLC35E2,2,OTTHUMG00000000823.6_4,full_contig,1,overlap,NA,NA,NA,NA,overlapping_locus,NA,NA,NA,NA,NA,NA,NA,NA,NA,NA
chr1,HAVANA,gene,1682671,1711896,NA,-,NA,ENSG00000008130,protein_coding,NADK,2,OTTHUMG00000000942.6_2,full_contig,1,overlap,NA,NA,NA,NA,NA,NA,NA,NA,NA,NA,NA,NA,NA,NA,NA
chr1,HAVANA,gene,1716724,1822556,NA,-,NA,ENSG00000078369,protein_coding,GNB1,1,OTTHUMG00000000940.8_2,full_contig,1,overlap,NA,NA,NA,NA,NA,NA,NA,NA,NA,NA,NA,NA,NA,NA,NA
chr1,HAVANA,gene,1822910,1824097,NA,+,NA,ENSG00000231050,antisense,RP1-140A9.1,2,OTTHUMG00000000941.1_4,full_contig,1,overlap,NA,NA,NA,NA,NA,NA,NA,NA,NA,NA,NA,NA,NA,NA,NA
chr1,HAVANA,gene,1846266,1848735,NA,+,NA,ENSG00000169885,protein_coding,CALML6,1,OTTHUMG00000000943.2_2,full_contig,1,overlap,NA,NA,NA,NA,NA,NA,NA,NA,NA,NA,NA,NA,NA,NA,NA
chr1,HAVANA,gene,1849029,1850712,NA,-,NA,ENSG00000178821,protein_coding,TMEM52,2,OTTHUMG00000000944.7_3,full_contig,1,overlap,NA,NA,NA,NA,NA,NA,NA,NA,NA,NA,NA,NA,NA,NA,NA
chr1,HAVANA,gene,1853390,1935276,NA,-,NA,ENSG00000142609,protein_coding,CFAP74,1,OTTHUMG00000000945.17_4,full_contig,1,overlap,NA,NA,NA,NA,NA,NA,NA,NA,NA,NA,NA,NA,NA,NA,NA
chr1,HAVANA,gene,1944652,1946969,NA,-,NA,ENSG00000233542,antisense,RP11-547D24.1,2,OTTHUMG00000041065.1_4,full_contig,1,overlap,NA,NA,NA,NA,NA,NA,NA,NA,NA,NA,NA,NA,NA,NA,NA
chr1,HAVANA,gene,1950737,1962197,NA,+,NA,ENSG00000187730,protein_coding,GABRD,2,OTTHUMG00000041064.5_2,full_contig,1,overlap,NA,NA,NA,NA,NA,NA,NA,NA,NA,NA,NA,NA,NA,NA,NA
chr1,HAVANA,gene,1980642,1981509,NA,-,NA,ENSG00000226969,antisense,RP11-547D24.3,2,OTTHUMG00000041087.1_4,full_contig,1,overlap,NA,NA,NA,NA,NA,NA,NA,NA,NA,NA,NA,NA,NA,NA,NA
chr1,HAVANA,gene,1981909,2116834,NA,+,NA,ENSG00000067606,protein_coding,PRKCZ,1,OTTHUMG00000001238.13_3,full_contig,1,overlap,NA,NA,NA,NA,NA,NA,NA,NA,NA,NA,NA,NA,NA,NA,NA
chr1,HAVANA,gene,2072523,2076718,NA,-,NA,ENSG00000271806,antisense,RP5-892K4.1,2,OTTHUMG00000185365.1_4,full_contig,1,overlap,NA,NA,NA,NA,NA,NA,NA,NA,NA,NA,NA,NA,NA,NA,NA
chr1,HAVANA,gene,2113233,2115828,NA,-,NA,ENSG00000182873,antisense,RP11-181G12.2,1,OTTHUMG00000001239.2_4,full_contig,1,overlap,NA,NA,NA,NA,NA,NA,NA,NA,NA,NA,NA,NA,NA,NA,NA
chr1,HAVANA,gene,2115900,2144159,NA,-,NA,ENSG00000162585,protein_coding,FAAP20,2,OTTHUMG00000001404.7_3,full_contig,1,overlap,NA,NA,NA,NA,NA,NA,NA,NA,NA,NA,NA,NA,NA,NA,NA
chr1,ENSEMBL,gene,2121237,2123179,NA,+,NA,ENSG00000269554,protein_coding,AL590822.2,3,NA,automatic_gene,NA,NA,NA,NA,NA,NA,NA,NA,NA,NA,NA,NA,NA,NA,KNOWN,V19,NA
chr1,ENSEMBL,gene,2143360,2145620,NA,-,NA,ENSG00000203301,protein_coding,AL590822.1,3,NA,automatic_gene,NA,NA,NA,NA,NA,NA,NA,NA,NA,NA,NA,NA,NA,NA,NOVEL,V19,NA
chr1,HAVANA,gene,2143962,2152177,NA,+,NA,ENSG00000234396,lincRNA,RP11-181G12.4,2,OTTHUMG00000001405.2_4,full_contig,1,overlap,NA,NA,NA,NA,NA,NA,NA,NA,NA,NA,NA,NA,NA,NA,NA
chr1,HAVANA,gene,2160134,2241558,NA,+,NA,ENSG00000157933,protein_coding,SKI,2,OTTHUMG00000001407.3_2,full_contig,1,overlap,NA,NA,NA,NA,NA,NA,NA,NA,NA,NA,NA,NA,NA,NA,NA
chr1,HAVANA,gene,2252692,2323146,NA,-,NA,ENSG00000116151,protein_coding,MORN1,1,OTTHUMG00000001402.6_4,full_contig,1,overlap,NA,NA,NA,NA,overlapping_locus,NA,NA,NA,NA,NA,NA,NA,NA,NA,NA
chr1,HAVANA,gene,2257640,2258132,NA,-,NA,ENSG00000272161,sense_intronic,RP4-713A8.1,2,OTTHUMG00000185693.1_5,full_contig,1,overlap,NA,NA,NA,NA,overlapping_locus,NA,NA,NA,NA,NA,NA,NA,NA,NA,NA
chr1,ENSEMBL,gene,2258581,2259042,NA,+,NA,ENSG00000269753,protein_coding,AL589739.1,3,NA,automatic_gene,NA,NA,NA,NA,NA,NA,NA,NA,NA,NA,NA,NA,NA,NA,NOVEL,V19,NA
chr1,HAVANA,gene,2281853,2284259,NA,-,NA,ENSG00000269896,transcribed_processed_pseudogene,RP4-740C4.5,1,OTTHUMG00000057495.3_4,full_contig,1,overlap,NA,NA,NA,NA,overlapping_locus,NA,NA,NA,NA,NA,NA,NA,NA,NA,NA
chr1,HAVANA,gene,2294500,2295067,NA,-,NA,ENSG00000272420,sense_intronic,RP4-740C4.7,2,OTTHUMG00000185694.1_5,full_contig,1,overlap,NA,NA,NA,NA,overlapping_locus,NA,NA,NA,NA,NA,NA,NA,NA,NA,NA
chr1,ENSEMBL,gene,2316811,2319922,NA,+,NA,ENSG00000178642,pseudogene,AL513477.1,3,NA,automatic_gene,NA,NA,NA,NA,NA,NA,NA,NA,NA,NA,NA,NA,NA,NA,NOVEL,V19,NA
chr1,HAVANA,gene,2323214,2336883,NA,+,NA,ENSG00000157916,protein_coding,RER1,2,OTTHUMG00000001403.5_3,full_contig,1,overlap,NA,NA,NA,NA,NA,NA,NA,NA,NA,NA,NA,NA,NA,NA,NA
chr1,HAVANA,gene,2335403,2345236,NA,-,NA,ENSG00000157911,protein_coding,PEX10,1,OTTHUMG00000001637.6_3,full_contig,1,overlap,NA,NA,NA,NA,NA,NA,NA,NA,NA,NA,NA,NA,NA,NA,NA
chr1,HAVANA,gene,2357419,2436969,NA,+,NA,ENSG00000149527,protein_coding,PLCH2,2,OTTHUMG00000000719.4_4,full_contig,1,overlap,NA,NA,NA,NA,NA,NA,NA,NA,NA,NA,NA,NA,NA,NA,NA
chr1,HAVANA,gene,2423739,2424697,NA,-,NA,ENSG00000224387,antisense,RP3-395M20.2,1,OTTHUMG00000000720.1_4,full_contig,1,overlap,NA,NA,NA,NA,NA,NA,NA,NA,NA,NA,NA,NA,NA,NA,NA
chr1,HAVANA,gene,2424876,2425918,NA,-,NA,ENSG00000229393,antisense,RP3-395M20.3,1,OTTHUMG00000000721.1_4,full_contig,1,overlap,NA,NA,NA,NA,NA,NA,NA,NA,NA,NA,NA,NA,NA,NA,NA
chr1,HAVANA,gene,2439972,2458067,NA,-,NA,ENSG00000157881,protein_coding,PANK4,2,OTTHUMG00000000791.4_3,full_contig,1,overlap,NA,NA,NA,NA,NA,NA,NA,NA,NA,NA,NA,NA,NA,NA,NA
chr1,HAVANA,gene,2460184,2461684,NA,-,NA,ENSG00000197921,protein_coding,HES5,2,OTTHUMG00000000793.1_2,full_contig,1,overlap,NA,NA,NA,NA,NA,NA,NA,NA,NA,NA,NA,NA,NA,NA,NA
chr1,HAVANA,gene,2461503,2478899,NA,+,NA,ENSG00000272449,lincRNA,RP3-395M20.12,2,OTTHUMG00000185639.2_4,full_contig,1,overlap,NA,NA,NA,NA,NA,NA,NA,NA,NA,NA,NA,NA,NA,NA,NA
chr1,HAVANA,gene,2481359,2488470,NA,-,NA,ENSG00000238164,antisense,RP3-395M20.8,2,OTTHUMG00000000818.3_5,full_contig,1,overlap,NA,NA,NA,NA,NA,NA,NA,NA,NA,NA,NA,NA,NA,NA,NA
chr1,HAVANA,gene,2487078,2496821,NA,+,NA,ENSG00000157873,protein_coding,TNFRSF14,2,OTTHUMG00000000792.18_3,full_contig,1,overlap,NA,NA,NA,NA,NA,NA,NA,NA,NA,NA,NA,NA,NA,NA,NA
chr1,HAVANA,gene,2497849,2501327,NA,+,NA,ENSG00000225931,TEC,RP3-395M20.7,2,OTTHUMG00000158429.2_4,full_contig,1,overlap,NA,NA,NA,NA,NA,NA,NA,NA,NA,NA,NA,NA,NA,NA,NA
chr1,HAVANA,gene,2512999,2515972,NA,+,NA,ENSG00000228037,lincRNA,RP3-395M20.9,1,OTTHUMG00000000819.1_4,full_contig,1,overlap,NA,NA,NA,NA,NA,NA,NA,NA,NA,NA,NA,NA,NA,NA,NA
chr1,HAVANA,gene,2517930,2522908,NA,+,NA,ENSG00000157870,protein_coding,FAM213B,2,OTTHUMG00000000847.5_3,full_contig,1,overlap,NA,NA,NA,NA,NA,NA,NA,NA,NA,NA,NA,NA,NA,NA,NA
chr1,HAVANA,gene,2522078,2564429,NA,-,NA,ENSG00000142606,protein_coding,MMEL1,2,OTTHUMG00000000846.4_4,full_contig,1,overlap,NA,NA,NA,NA,NA,NA,NA,NA,NA,NA,NA,NA,NA,NA,NA
chr1,HAVANA,gene,2564007,2568059,NA,+,NA,ENSG00000237058,antisense,RP13-436F16.1,1,OTTHUMG00000039631.1_4,full_contig,1,overlap,NA,NA,NA,NA,NA,NA,NA,NA,NA,NA,NA,NA,NA,NA,NA
chr1,HAVANA,gene,2567415,2718282,NA,-,NA,ENSG00000215912,protein_coding,TTC34,2,OTTHUMG00000000539.10_4,full_contig,1,overlap,NA,NA,NA,NA,NA,NA,NA,NA,NA,NA,NA,NA,NA,NA,NA
chr1,HAVANA,gene,2690149,2693019,NA,+,NA,ENSG00000283259,antisense,ABC14-1188822O7.1,2,OTTHUMG00000191647.1_4,full_contig,1,new,NA,NA,NA,NA,NA,NA,NA,NA,NA,NA,NA,NA,NA,NA,NA
chr1,HAVANA,gene,2728415,2729257,NA,-,NA,ENSG00000233234,lincRNA,RP11-740P5.2,1,OTTHUMG00000000564.1_4,full_contig,1,overlap,NA,NA,NA,NA,NA,NA,NA,NA,NA,NA,NA,NA,NA,NA,NA
chr1,HAVANA,gene,2730997,2731563,NA,-,NA,ENSG00000231630,lincRNA,RP11-740P5.3,2,OTTHUMG00000000565.1_4,full_contig,1,overlap,NA,NA,NA,NA,NA,NA,NA,NA,NA,NA,NA,NA,NA,NA,NA
chr1,HAVANA,gene,2877223,2885272,NA,-,NA,ENSG00000284745,lincRNA,RP5-907A6.1,2,OTTHUMG00000192279.1_2,full_contig,1,new,NA,NA,NA,NA,NA,NA,NA,NA,NA,NA,NA,NA,NA,NA,NA
chr1,HAVANA,gene,2938047,2939467,NA,+,NA,ENSG00000169717,protein_coding,ACTRT2,2,OTTHUMG00000000562.1_3,full_contig,1,overlap,NA,NA,NA,NA,retrogene,NA,NA,NA,NA,NA,NA,NA,NA,NA,NA
chr1,HAVANA,gene,2976179,2985001,NA,-,NA,ENSG00000177133,antisense,RP1-163G9.1,2,OTTHUMG00000000563.3_4,full_contig,1,overlap,NA,NA,NA,NA,NA,NA,NA,NA,NA,NA,NA,NA,NA,NA,NA
chr1,HAVANA,gene,2985732,3355185,NA,+,NA,ENSG00000142611,protein_coding,PRDM16,1,OTTHUMG00000000581.9_3,full_contig,1,overlap,NA,NA,NA,NA,overlapping_locus,NA,NA,NA,NA,NA,NA,NA,NA,NA,NA
chr1,HAVANA,gene,3049491,3050273,NA,-,NA,ENSG00000226286,antisense,RP1-163G9.2,2,OTTHUMG00000000624.1_4,full_contig,1,overlap,NA,NA,NA,NA,NA,NA,NA,NA,NA,NA,NA,NA,NA,NA,NA
chr1,HAVANA,gene,3122552,3125228,NA,+,NA,ENSG00000279839,TEC,RP11-193J6.1,2,OTTHUMG00000185775.1_5,full_contig,1,new,NA,NA,NA,NA,overlapping_locus,NA,NA,NA,NA,NA,NA,NA,NA,NA,NA
chr1,HAVANA,gene,3223200,3226660,NA,-,NA,ENSG00000272235,lincRNA,RP11-22L13.1,2,OTTHUMG00000185641.1_4,full_contig,1,overlap,NA,NA,NA,NA,NA,NA,NA,NA,NA,NA,NA,NA,NA,NA,NA
chr1,HAVANA,gene,3370990,3397677,NA,+,NA,ENSG00000130762,protein_coding,ARHGEF16,2,OTTHUMG00000000625.4_4,full_contig,1,overlap,NA,NA,NA,NA,NA,NA,NA,NA,NA,NA,NA,NA,NA,NA,NA
chr1,HAVANA,gene,3403810,3404191,NA,+,NA,ENSG00000272088,lincRNA,RP11-168F9.2,2,OTTHUMG00000185642.1_4,full_contig,1,overlap,NA,NA,NA,NA,NA,NA,NA,NA,NA,NA,NA,NA,NA,NA,NA
chr1,HAVANA,gene,3406484,3528059,NA,-,NA,ENSG00000162591,protein_coding,MEGF6,2,OTTHUMG00000000611.7_2,full_contig,1,overlap,NA,NA,NA,NA,ncRNA_host,NA,NA,NA,NA,NA,NA,NA,NA,NA,NA
chr1,ENSEMBL,gene,3477259,3477354,NA,-,NA,ENSG00000207776,miRNA,MIR551A,3,NA,automatic_gene,NA,NA,NA,NA,NA,NA,NA,NA,NA,NA,NA,NA,NA,NA,KNOWN,V19,NA
chr1,HAVANA,gene,3539754,3541307,NA,-,NA,ENSG00000238260,antisense,RP11-46F15.2,2,OTTHUMG00000000613.1_4,full_contig,1,overlap,NA,NA,NA,NA,NA,NA,NA,NA,NA,NA,NA,NA,NA,NA,NA
chr1,HAVANA,gene,3541566,3546691,NA,+,NA,ENSG00000158109,protein_coding,TPRG1L,2,OTTHUMG00000000609.1_2,full_contig,1,overlap,NA,NA,NA,NA,NA,NA,NA,NA,NA,NA,NA,NA,NA,NA,NA
chr1,HAVANA,gene,3547331,3569325,NA,-,NA,ENSG00000116213,protein_coding,WRAP73,1,OTTHUMG00000000612.5_2,full_contig,1,overlap,NA,NA,NA,NA,NA,NA,NA,NA,NA,NA,NA,NA,NA,NA,NA
chr1,HAVANA,gene,3569084,3652765,NA,+,NA,ENSG00000078900,protein_coding,TP73,1,OTTHUMG00000000610.6_4,full_contig,1,overlap,NA,NA,NA,NA,NA,NA,NA,NA,NA,NA,NA,NA,NA,NA,NA
chr1,HAVANA,gene,3575502,3585336,NA,-,NA,ENSG00000227589,antisense,RP5-1092A11.5,1,OTTHUMG00000041605.1_4,full_contig,1,overlap,NA,NA,NA,NA,NA,NA,NA,NA,NA,NA,NA,NA,NA,NA,NA
chr1,HAVANA,gene,3628764,3630862,NA,-,NA,ENSG00000235131,antisense,RP5-1092A11.2,2,OTTHUMG00000003412.1_4,full_contig,1,overlap,NA,NA,NA,NA,NA,NA,NA,NA,NA,NA,NA,NA,NA,NA,NA
chr1,HAVANA,gene,3652165,3663900,NA,-,NA,ENSG00000227372,transcribed_unitary_pseudogene,TP73-AS1,2,OTTHUMG00000003414.5_3,full_contig,1,overlap,NA,NA,NA,NA,NA,NA,NA,NA,NA,NA,NA,NA,NA,NA,NA
chr1,HAVANA,gene,3663024,3688209,NA,+,NA,ENSG00000162592,protein_coding,CCDC27,2,OTTHUMG00000003504.4_3,full_contig,1,overlap,NA,NA,NA,NA,NA,NA,NA,NA,NA,NA,NA,NA,NA,NA,NA
chr1,HAVANA,gene,3689325,3692546,NA,+,NA,ENSG00000235169,protein_coding,SMIM1,1,OTTHUMG00000003505.6_4,full_contig,1,overlap,NA,NA,NA,NA,NA,NA,NA,NA,NA,NA,NA,NA,NA,NA,NA
chr1,HAVANA,gene,3695122,3713068,NA,-,NA,ENSG00000130764,protein_coding,LRRC47,2,OTTHUMG00000003506.3_2,full_contig,1,overlap,NA,NA,NA,NA,NA,NA,NA,NA,NA,NA,NA,NA,NA,NA,NA
chr1,ENSEMBL,gene,3699379,3699673,NA,+,NA,ENSG00000266075,misc_RNA,RN7SL574P,3,NA,automatic_gene,NA,NA,NA,NA,NA,NA,NA,NA,NA,NA,NA,NA,NA,NA,KNOWN,V19,NA
chr1,HAVANA,gene,3701572,3702102,NA,+,NA,ENSG00000272153,antisense,RP1-286D6.5,2,OTTHUMG00000185643.1_4,full_contig,1,overlap,NA,NA,NA,NA,NA,NA,NA,NA,NA,NA,NA,NA,NA,NA,NA
chr1,HAVANA,gene,3728645,3773778,NA,-,NA,ENSG00000116198,protein_coding,CEP104,2,OTTHUMG00000003507.5_2,full_contig,1,overlap,NA,NA,NA,NA,NA,NA,NA,NA,NA,NA,NA,NA,NA,NA,NA
chr1,HAVANA,gene,3773831,3801993,NA,+,NA,ENSG00000169598,protein_coding,DFFB,2,OTTHUMG00000003525.6_3,full_contig,1,overlap,NA,NA,NA,NA,NA,NA,NA,NA,NA,NA,NA,NA,NA,NA,NA
chr1,ENSEMBL,gene,3800628,3800697,NA,+,NA,ENSG00000264428,miRNA,AL691523.1,3,NA,automatic_gene,NA,NA,NA,NA,NA,NA,NA,NA,NA,NA,NA,NA,NA,NA,NOVEL,V19,NA
chr1,HAVANA,gene,3805689,3816857,NA,-,NA,ENSG00000198912,protein_coding,C1orf174,2,OTTHUMG00000003739.1_2,full_contig,1,overlap,NA,NA,NA,NA,NA,NA,NA,NA,NA,NA,NA,NA,NA,NA,NA
chr1,HAVANA,gene,3816936,3833789,NA,+,NA,ENSG00000236423,lincRNA,RP13-15E13.1,2,OTTHUMG00000041129.2_3,full_contig,1,overlap,NA,NA,NA,NA,NA,NA,NA,NA,NA,NA,NA,NA,NA,NA,NA
chr1,HAVANA,gene,4000625,4015322,NA,+,NA,ENSG00000233304,lincRNA,RP13-614K11.1,2,OTTHUMG00000000499.3_3,full_contig,1,overlap,NA,NA,NA,NA,NA,NA,NA,NA,NA,NA,NA,NA,NA,NA,NA
chr1,HAVANA,gene,4004607,4009040,NA,-,NA,ENSG00000226374,lincRNA,RP13-614K11.2,1,OTTHUMG00000000731.2_3,full_contig,1,overlap,NA,NA,NA,NA,NA,NA,NA,NA,NA,NA,NA,NA,NA,NA,NA
chr1,HAVANA,gene,4036193,4072759,NA,+,NA,ENSG00000284668,lincRNA,RP11-718D19.1,2,OTTHUMG00000192281.1_2,full_contig,1,new,NA,NA,NA,NA,NA,NA,NA,NA,NA,NA,NA,NA,NA,NA,NA
chr1,HAVANA,gene,4072981,4079568,NA,-,NA,ENSG00000284703,lincRNA,RP11-718D19.2,2,OTTHUMG00000192282.1_2,full_contig,1,new,NA,NA,NA,NA,NA,NA,NA,NA,NA,NA,NA,NA,NA,NA,NA
chr1,HAVANA,gene,4235588,4235959,NA,-,NA,ENSG00000229280,processed_pseudogene,RP11-374C13.1,1,OTTHUMG00000000732.1_3,full_contig,1,overlap,NA,NA,NA,NA,pseudo_consens,NA,NA,NA,NA,NA,NA,NA,NA,NA,NA
chr1,HAVANA,gene,4472087,4484749,NA,+,NA,ENSG00000235054,lincRNA,RP5-1166F10.1,2,OTTHUMG00000000733.3_3,full_contig,1,overlap,NA,NA,NA,NA,NA,NA,NA,NA,NA,NA,NA,NA,NA,NA,NA
chr1,HAVANA,gene,4539191,4544435,NA,-,NA,ENSG00000284694,lincRNA,RP5-1166F10.2,2,OTTHUMG00000192283.1_2,full_contig,1,new,NA,NA,NA,NA,NA,NA,NA,NA,NA,NA,NA,NA,NA,NA,NA
chr1,HAVANA,gene,4611795,4612205,NA,-,NA,ENSG00000227169,lincRNA,RP1-37J18.1,2,OTTHUMG00000000646.2_4,full_contig,1,overlap,NA,NA,NA,NA,NA,NA,NA,NA,NA,NA,NA,NA,NA,NA,NA
chr1,HAVANA,gene,4631541,4654069,NA,+,NA,ENSG00000232596,lincRNA,RP1-37J18.2,2,OTTHUMG00000000647.2_3,full_contig,1,overlap,NA,NA,NA,NA,NA,NA,NA,NA,NA,NA,NA,NA,NA,NA,NA
chr1,HAVANA,gene,4714792,4852594,NA,+,NA,ENSG00000196581,protein_coding,AJAP1,2,OTTHUMG00000000645.6_2,full_contig,1,overlap,NA,NA,NA,NA,NA,NA,NA,NA,NA,NA,NA,NA,NA,NA,NA
chr1,HAVANA,gene,5024014,5033358,NA,-,NA,ENSG00000284739,lincRNA,RP4-603B14.2,2,OTTHUMG00000192284.1_2,full_contig,1,new,NA,NA,NA,NA,NA,NA,NA,NA,NA,NA,NA,NA,NA,NA,NA
chr1,HAVANA,gene,5033441,5041628,NA,+,NA,ENSG00000284674,lincRNA,RP4-603B14.1,2,OTTHUMG00000192285.1_2,full_contig,1,new,NA,NA,NA,NA,NA,NA,NA,NA,NA,NA,NA,NA,NA,NA,NA
chr1,HAVANA,gene,5146519,5150959,NA,-,NA,ENSG00000231510,lincRNA,RP11-542C10.1,1,OTTHUMG00000041729.1_4,full_contig,1,overlap,NA,NA,NA,NA,NA,NA,NA,NA,NA,NA,NA,NA,NA,NA,NA
chr1,HAVANA,gene,5361988,5367454,NA,-,NA,ENSG00000284616,lincRNA,RP4-703E10.1,2,OTTHUMG00000192286.1_2,full_contig,1,new,NA,NA,NA,NA,NA,NA,NA,NA,NA,NA,NA,NA,NA,NA,NA
chr1,HAVANA,gene,5538796,5553117,NA,-,NA,ENSG00000284692,lincRNA,RP1-58B11.2,2,OTTHUMG00000192287.1_2,full_contig,1,new,NA,NA,NA,NA,NA,NA,NA,NA,NA,NA,NA,NA,NA,NA,NA
chr1,HAVANA,gene,5540847,5542088,NA,-,NA,ENSG00000284666,lincRNA,RP1-58B11.3,2,OTTHUMG00000192288.1_2,full_contig,1,new,NA,NA,NA,NA,NA,NA,NA,NA,NA,NA,NA,NA,NA,NA,NA
chr1,HAVANA,gene,5553038,5554734,NA,+,NA,ENSG00000260972,lincRNA,RP1-58B11.1,2,OTTHUMG00000175733.1_4,full_contig,1,overlap,NA,NA,NA,NA,NA,NA,NA,NA,NA,NA,NA,NA,NA,NA,NA
chr1,HAVANA,gene,5614807,5614941,NA,+,NA,ENSG00000283356,unprocessed_pseudogene,RP3-491M17.1,2,OTTHUMG00000191793.1_4,full_contig,1,new,NA,NA,NA,NA,NA,NA,NA,NA,NA,NA,NA,NA,NA,NA,NA
chr1,HAVANA,gene,5621769,5728355,NA,-,NA,ENSG00000236948,lincRNA,RP11-154H17.1,2,OTTHUMG00000041453.2_5,full_contig,1,overlap,NA,NA,NA,NA,NA,NA,NA,NA,NA,NA,NA,NA,NA,NA,NA
chr1,ENSEMBL,gene,5624131,5624203,NA,+,NA,ENSG00000264341,miRNA,MIR4417,3,NA,automatic_gene,NA,NA,NA,NA,NA,NA,NA,NA,NA,NA,NA,NA,NA,NA,KNOWN,V19,NA
chr1,ENSEMBL,gene,5875931,5876019,NA,-,NA,ENSG00000216045,miRNA,AL356693.1,3,NA,automatic_gene,NA,NA,NA,NA,NA,NA,NA,NA,NA,NA,NA,NA,NA,NA,NOVEL,V19,NA
chr1,ENSEMBL,gene,5922732,5922801,NA,-,NA,ENSG00000264101,miRNA,MIR4689,3,NA,automatic_gene,NA,NA,NA,NA,NA,NA,NA,NA,NA,NA,NA,NA,NA,NA,KNOWN,V19,NA
chr1,HAVANA,gene,5922871,6052533,NA,-,NA,ENSG00000131697,protein_coding,NPHP4,2,OTTHUMG00000000701.6_4,full_contig,1,overlap,NA,NA,NA,NA,NA,NA,NA,NA,NA,NA,NA,NA,NA,NA,NA
chr1,ENSEMBL,gene,5953899,5953984,NA,-,NA,ENSG00000266687,miRNA,AL356261.1,3,NA,automatic_gene,NA,NA,NA,NA,NA,NA,NA,NA,NA,NA,NA,NA,NA,NA,NOVEL,V19,NA
chr1,HAVANA,gene,6051526,6161253,NA,+,NA,ENSG00000069424,protein_coding,KCNAB2,2,OTTHUMG00000000795.9_2,full_contig,1,overlap,NA,NA,NA,NA,NA,NA,NA,NA,NA,NA,NA,NA,NA,NA,NA
chr1,ENSEMBL,gene,6100630,6101399,NA,-,NA,ENSG00000268332,protein_coding,AL035406.1,3,NA,automatic_gene,NA,NA,NA,NA,NA,NA,NA,NA,NA,NA,NA,NA,NA,NA,NOVEL,V19,NA
chr1,HAVANA,gene,6161853,6240183,NA,-,NA,ENSG00000116254,protein_coding,CHD5,2,OTTHUMG00000000952.6_2,full_contig,1,overlap,NA,NA,NA,NA,NA,NA,NA,NA,NA,NA,NA,NA,NA,NA,NA
chr1,HAVANA,gene,6241329,6269449,NA,-,NA,ENSG00000116251,protein_coding,RPL22,1,OTTHUMG00000000953.5_3,full_contig,1,overlap,NA,NA,NA,NA,overlapping_locus,NA,NA,NA,NA,NA,NA,NA,NA,NA,NA
chr1,HAVANA,gene,6264900,6265840,NA,-,NA,ENSG00000226944,antisense,RP1-120G22.11,2,OTTHUMG00000041452.1_5,full_contig,1,overlap,NA,NA,NA,NA,overlapping_locus,NA,NA,NA,NA,NA,NA,NA,NA,NA,NA
chr1,HAVANA,gene,6265535,6281359,NA,+,NA,ENSG00000158286,protein_coding,RNF207,2,OTTHUMG00000001089.4_2,full_contig,1,overlap,NA,NA,NA,NA,NA,NA,NA,NA,NA,NA,NA,NA,NA,NA,NA
chr1,HAVANA,gene,6281253,6296032,NA,-,NA,ENSG00000116237,protein_coding,ICMT,2,OTTHUMG00000001254.2_2,full_contig,1,overlap,NA,NA,NA,NA,NA,NA,NA,NA,NA,NA,NA,NA,NA,NA,NA
chr1,HAVANA,gene,6296300,6299504,NA,+,NA,ENSG00000225077,lincRNA,LINC00337,2,OTTHUMG00000001255.4_2,full_contig,1,overlap,NA,NA,NA,NA,NA,NA,NA,NA,NA,NA,NA,NA,NA,NA,NA
chr1,HAVANA,gene,6304252,6305638,NA,+,NA,ENSG00000173673,protein_coding,HES3,2,OTTHUMG00000001271.3_2,full_contig,1,overlap,NA,NA,NA,NA,NA,NA,NA,NA,NA,NA,NA,NA,NA,NA,NA
chr1,HAVANA,gene,6307406,6321035,NA,-,NA,ENSG00000158292,protein_coding,GPR153,2,OTTHUMG00000001272.2_2,full_contig,1,overlap,NA,NA,NA,NA,NA,NA,NA,NA,NA,NA,NA,NA,NA,NA,NA
chr1,HAVANA,gene,6324329,6454451,NA,-,NA,ENSG00000097021,protein_coding,ACOT7,2,OTTHUMG00000001295.8_3,full_contig,1,overlap,NA,NA,NA,NA,NA,NA,NA,NA,NA,NA,NA,NA,NA,NA,NA
chr1,HAVANA,gene,6453615,6454451,NA,+,NA,ENSG00000271746,antisense,RP1-202O8.3,2,OTTHUMG00000185645.1_4,full_contig,1,overlap,NA,NA,NA,NA,NA,NA,NA,NA,NA,NA,NA,NA,NA,NA,NA
chr1,HAVANA,gene,6472478,6484730,NA,-,NA,ENSG00000069812,protein_coding,HES2,2,OTTHUMG00000000752.2_2,full_contig,1,overlap,NA,NA,NA,NA,NA,NA,NA,NA,NA,NA,NA,NA,NA,NA,NA
chr1,HAVANA,gene,6484836,6521427,NA,+,NA,ENSG00000187017,protein_coding,ESPN,2,OTTHUMG00000000753.11_4,full_contig,1,overlap,NA,NA,NA,NA,NA,NA,NA,NA,NA,NA,NA,NA,NA,NA,NA
chr1,ENSEMBL,gene,6489894,6489956,NA,-,NA,ENSG00000265392,miRNA,MIR4252,3,NA,automatic_gene,NA,NA,NA,NA,NA,NA,NA,NA,NA,NA,NA,NA,NA,NA,KNOWN,V19,NA
chr1,HAVANA,gene,6503094,6507066,NA,-,NA,ENSG00000231868,antisense,RP1-202O8.2,2,OTTHUMG00000000769.1_4,full_contig,1,overlap,NA,NA,NA,NA,NA,NA,NA,NA,NA,NA,NA,NA,NA,NA,NA
chr1,HAVANA,gene,6521211,6526255,NA,-,NA,ENSG00000215788,protein_coding,TNFRSF25,2,OTTHUMG00000000831.7_3,full_contig,1,overlap,NA,NA,NA,NA,overlapping_locus,NA,NA,NA,NA,NA,NA,NA,NA,NA,NA
chr1,HAVANA,gene,6526152,6580121,NA,-,NA,ENSG00000171680,protein_coding,PLEKHG5,2,OTTHUMG00000000905.4_3,full_contig,1,overlap,NA,NA,NA,NA,overlapping_locus,NA,NA,NA,NA,NA,NA,NA,NA,NA,NA
chr1,HAVANA,gene,6581407,6614595,NA,-,NA,ENSG00000162408,protein_coding,NOL9,2,OTTHUMG00000000904.1_2,full_contig,1,overlap,NA,NA,NA,NA,NA,NA,NA,NA,NA,NA,NA,NA,NA,NA,NA
chr1,ENSEMBL,gene,6600914,6601024,NA,+,NA,ENSG00000253022,snRNA,RNU6-731P,3,NA,automatic_gene,NA,NA,NA,NA,NA,NA,NA,NA,NA,NA,NA,NA,NA,NA,KNOWN,V19,NA
chr1,HAVANA,gene,6607965,6608679,NA,+,NA,ENSG00000229519,processed_pseudogene,RP11-58A11.2,1,OTTHUMG00000001442.3_4,full_contig,1,overlap,NA,NA,NA,NA,pseudo_consens,NA,NA,NA,NA,NA,NA,NA,NA,NA,NA
chr1,HAVANA,gene,6615241,6639817,NA,+,NA,ENSG00000173662,protein_coding,TAS1R1,1,OTTHUMG00000001441.3_3,full_contig,1,overlap,NA,NA,NA,NA,NA,NA,NA,NA,NA,NA,NA,NA,NA,NA,NA
chr1,HAVANA,gene,6640061,6649340,NA,+,NA,ENSG00000204859,protein_coding,ZBTB48,2,OTTHUMG00000001438.4_3,full_contig,1,overlap,NA,NA,NA,NA,NA,NA,NA,NA,NA,NA,NA,NA,NA,NA,NA
chr1,HAVANA,gene,6650784,6674667,NA,-,NA,ENSG00000162413,protein_coding,KLHL21,1,OTTHUMG00000001437.3_3,full_contig,1,overlap,NA,NA,NA,NA,NA,NA,NA,NA,NA,NA,NA,NA,NA,NA,NA
chr1,HAVANA,gene,6673745,6684093,NA,+,NA,ENSG00000116273,protein_coding,PHF13,2,OTTHUMG00000001439.1_2,full_contig,1,overlap,NA,NA,NA,NA,NA,NA,NA,NA,NA,NA,NA,NA,NA,NA,NA
chr1,HAVANA,gene,6684926,6695646,NA,+,NA,ENSG00000041988,protein_coding,THAP3,2,OTTHUMG00000001440.3_5,full_contig,1,overlap,NA,NA,NA,NA,NA,NA,NA,NA,NA,NA,NA,NA,NA,NA,NA
chr1,HAVANA,gene,6694228,6761984,NA,-,NA,ENSG00000007923,protein_coding,DNAJC11,2,OTTHUMG00000001443.4_2,full_contig,1,overlap,NA,NA,NA,NA,NA,NA,NA,NA,NA,NA,NA,NA,NA,NA,NA
chr1,HAVANA,gene,6784697,6790072,NA,+,NA,ENSG00000228750,lincRNA,RP11-242F24.1,2,OTTHUMG00000001785.2_3,full_contig,1,overlap,NA,NA,NA,NA,NA,NA,NA,NA,NA,NA,NA,NA,NA,NA,NA
chr1,ENSEMBL,gene,6812779,6812881,NA,+,NA,ENSG00000239166,snoRNA,snoU13,3,NA,automatic_gene,NA,NA,NA,NA,NA,NA,NA,NA,NA,NA,NA,NA,NA,NA,NOVEL,V19,NA
chr1,HAVANA,gene,6828014,6830098,NA,+,NA,ENSG00000284744,lincRNA,RP11-242F24.2,2,OTTHUMG00000192289.1_2,full_contig,1,new,NA,NA,NA,NA,NA,NA,NA,NA,NA,NA,NA,NA,NA,NA,NA
chr1,HAVANA,gene,6843952,6844903,NA,-,NA,ENSG00000237436,antisense,RP11-312B8.1,2,OTTHUMG00000001213.1_4,full_contig,1,overlap,NA,NA,NA,NA,NA,NA,NA,NA,NA,NA,NA,NA,NA,NA,NA
chr1,HAVANA,gene,6845384,7829766,NA,+,NA,ENSG00000171735,protein_coding,CAMTA1,1,OTTHUMG00000001212.6_3,full_contig,1,overlap,NA,NA,NA,NA,overlapping_locus,NA,NA,NA,NA,NA,NA,NA,NA,NA,NA
chr1,HAVANA,gene,6894393,6894678,NA,-,NA,ENSG00000227950,processed_pseudogene,RP11-312B8.2,1,OTTHUMG00000001214.1_4,full_contig,1,overlap,NA,NA,NA,NA,pseudo_consens,NA,NA,NA,NA,NA,NA,NA,NA,NA,NA
chr1,HAVANA,gene,7068436,7074339,NA,-,NA,ENSG00000237365,antisense,RP11-334N17.1,2,OTTHUMG00000001215.2_4,full_contig,1,overlap,NA,NA,NA,NA,NA,NA,NA,NA,NA,NA,NA,NA,NA,NA,NA
chr1,ENSEMBL,gene,7279420,7279584,NA,+,NA,ENSG00000207056,snRNA,RNU1-8P,3,NA,automatic_gene,NA,NA,NA,NA,NA,NA,NA,NA,NA,NA,NA,NA,NA,NA,KNOWN,V19,NA
chr1,HAVANA,gene,7429003,7430331,NA,+,NA,ENSG00000237402,sense_intronic,RP3-453P22.1,1,OTTHUMG00000001217.1_4,full_contig,1,overlap,NA,NA,NA,NA,overlapping_locus,NA,NA,NA,NA,NA,NA,NA,NA,NA,NA
chr1,HAVANA,gene,7442548,7449814,NA,-,NA,ENSG00000237728,antisense,RP3-453P22.2,1,OTTHUMG00000001219.2_4,partial,1,overlap,NA,NA,NA,NA,NA,NA,NA,NA,NA,NA,NA,NA,NA,NA,NA
chr1,HAVANA,gene,7501156,7501614,NA,-,NA,ENSG00000225126,antisense,RP4-549F15.1,2,OTTHUMG00000001220.1_4,full_contig,1,overlap,NA,NA,NA,NA,NA,NA,NA,NA,NA,NA,NA,NA,NA,NA,NA
chr1,HAVANA,gene,7753184,7754904,NA,-,NA,ENSG00000270171,lincRNA,RP11-338N10.1,2,OTTHUMG00000183917.1_4,full_contig,1,overlap,NA,NA,NA,NA,NA,NA,NA,NA,NA,NA,NA,NA,NA,NA,NA
chr1,HAVANA,gene,7758363,7758932,NA,-,NA,ENSG00000270035,lincRNA,RP11-338N10.2,2,OTTHUMG00000183918.1_4,full_contig,1,overlap,NA,NA,NA,NA,NA,NA,NA,NA,NA,NA,NA,NA,NA,NA,NA
chr1,HAVANA,gene,7760764,7761030,NA,-,NA,ENSG00000269978,lincRNA,RP11-338N10.3,2,OTTHUMG00000183919.1_4,full_contig,1,overlap,NA,NA,NA,NA,NA,NA,NA,NA,NA,NA,NA,NA,NA,NA,NA
chr1,HAVANA,gene,7831329,7841492,NA,+,NA,ENSG00000049245,protein_coding,VAMP3,1,OTTHUMG00000001225.3_3,full_contig,1,overlap,NA,NA,NA,NA,overlapping_locus,NA,NA,NA,NA,NA,NA,NA,NA,NA,NA
chr1,HAVANA,gene,7836443,7836835,NA,+,NA,ENSG00000269925,sense_intronic,RP3-467L1.6,2,OTTHUMG00000183953.1_5,full_contig,1,overlap,NA,NA,NA,NA,overlapping_locus,NA,NA,NA,NA,NA,NA,NA,NA,NA,NA
chr1,HAVANA,gene,7844380,7905237,NA,+,NA,ENSG00000049246,protein_coding,PER3,1,OTTHUMG00000001216.3_2,full_contig,1,overlap,NA,NA,NA,NA,NA,NA,NA,NA,NA,NA,NA,NA,NA,NA,NA
chr1,HAVANA,gene,7870302,7887402,NA,-,NA,ENSG00000236266,antisense,RP3-467L1.4,1,OTTHUMG00000001211.1_4,full_contig,1,overlap,NA,NA,NA,NA,NA,NA,NA,NA,NA,NA,NA,NA,NA,NA,NA
chr1,HAVANA,gene,7903143,7913572,NA,-,NA,ENSG00000049247,protein_coding,UTS2,2,OTTHUMG00000001218.3_2,full_contig,1,overlap,NA,NA,NA,NA,NA,NA,NA,NA,NA,NA,NA,NA,NA,NA,NA
chr1,HAVANA,gene,7975954,8003225,NA,-,NA,ENSG00000049249,protein_coding,TNFRSF9,1,OTTHUMG00000001223.3_3,full_contig,1,overlap,NA,NA,NA,NA,NA,NA,NA,NA,NA,NA,NA,NA,NA,NA,NA
chr1,HAVANA,gene,8002432,8002786,NA,+,NA,ENSG00000270330,processed_pseudogene,RP5-892F13.2,1,OTTHUMG00000184257.1_4,full_contig,1,overlap,NA,NA,NA,NA,pseudo_consens,NA,NA,NA,NA,NA,NA,NA,NA,NA,NA
chr1,HAVANA,gene,8014351,8045565,NA,+,NA,ENSG00000116288,protein_coding,PARK7,1,OTTHUMG00000001210.3_3,full_contig,1,overlap,NA,NA,NA,NA,NA,NA,NA,NA,NA,NA,NA,NA,NA,NA,NA
chr1,ENSEMBL,gene,8042941,8043043,NA,-,NA,ENSG00000200344,misc_RNA,Y_RNA,3,NA,automatic_gene,NA,NA,NA,NA,NA,NA,NA,NA,NA,NA,NA,NA,NA,NA,NOVEL,V19,NA
chr1,HAVANA,gene,8051194,8065372,NA,+,NA,ENSG00000284747,antisense,CTA-215D11.6,2,OTTHUMG00000192291.2_2,full_contig,1,new,NA,NA,NA,NA,NA,NA,NA,NA,NA,NA,NA,NA,NA,NA,NA
chr1,HAVANA,gene,8058247,8059994,NA,-,NA,ENSG00000284716,lincRNA,CTA-215D11.5,2,OTTHUMG00000192290.1_2,full_contig,1,new,NA,NA,NA,NA,NA,NA,NA,NA,NA,NA,NA,NA,NA,NA,NA
chr1,HAVANA,gene,8064464,8086368,NA,-,NA,ENSG00000116285,protein_coding,ERRFI1,1,OTTHUMG00000001221.3_2,full_contig,1,overlap,NA,NA,NA,NA,NA,NA,NA,NA,NA,NA,NA,NA,NA,NA,NA
chr1,HAVANA,gene,8086798,8182762,NA,+,NA,ENSG00000238290,lincRNA,RP11-431K24.1,2,OTTHUMG00000001766.1_4,full_contig,1,overlap,NA,NA,NA,NA,NA,NA,NA,NA,NA,NA,NA,NA,NA,NA,NA
chr1,HAVANA,gene,8117305,8118523,NA,-,NA,ENSG00000232848,processed_pseudogene,CTA-215D11.4,1,OTTHUMG00000001224.1_4,full_contig,1,overlap,NA,NA,NA,NA,pseudo_consens,NA,NA,NA,NA,NA,NA,NA,NA,NA,NA
chr1,HAVANA,gene,8249884,8252830,NA,+,NA,ENSG00000229305,processed_pseudogene,RP11-431K24.2,1,OTTHUMG00000001767.1_4,full_contig,1,overlap,NA,NA,NA,NA,pseudo_consens,NA,NA,NA,NA,NA,NA,NA,NA,NA,NA
chr1,HAVANA,gene,8262489,8275270,NA,+,NA,ENSG00000227634,lincRNA,RP11-431K24.3,1,OTTHUMG00000001769.2_3,full_contig,1,overlap,NA,NA,NA,NA,NA,NA,NA,NA,NA,NA,NA,NA,NA,NA,NA
chr1,ENSEMBL,gene,8266494,8266657,NA,-,NA,ENSG00000200975,snRNA,RNU1-7P,3,NA,automatic_gene,NA,NA,NA,NA,NA,NA,NA,NA,NA,NA,NA,NA,NA,NA,KNOWN,V19,NA
chr1,HAVANA,gene,8278250,8280589,NA,-,NA,ENSG00000233645,lincRNA,RP11-431K24.4,2,OTTHUMG00000001770.1_4,full_contig,1,overlap,NA,NA,NA,NA,NA,NA,NA,NA,NA,NA,NA,NA,NA,NA,NA
chr1,ENSEMBL,gene,8335184,8335438,NA,-,NA,ENSG00000265414,misc_RNA,RN7SL729P,3,NA,automatic_gene,NA,NA,NA,NA,NA,NA,NA,NA,NA,NA,NA,NA,NA,NA,KNOWN,V19,NA
chr1,ENSEMBL,gene,8352217,8352323,NA,-,NA,ENSG00000251977,snRNA,RNU6-991P,3,NA,automatic_gene,NA,NA,NA,NA,NA,NA,NA,NA,NA,NA,NA,NA,NA,NA,KNOWN,V19,NA
chr1,HAVANA,gene,8377886,8404227,NA,+,NA,ENSG00000162426,protein_coding,SLC45A1,2,OTTHUMG00000000503.6_3,full_contig,1,overlap,NA,NA,NA,NA,ncRNA_host,NA,NA,NA,NA,NA,NA,NA,NA,NA,NA
chr1,ENSEMBL,gene,8388127,8388239,NA,+,NA,ENSG00000252254,misc_RNA,Y_RNA,3,NA,automatic_gene,NA,NA,NA,NA,NA,NA,NA,NA,NA,NA,NA,NA,NA,NA,NOVEL,V19,NA
chr1,HAVANA,gene,8412457,8877702,NA,-,NA,ENSG00000142599,protein_coding,RERE,1,OTTHUMG00000001765.7_4,full_contig,1,overlap,NA,NA,NA,NA,overlapping_locus,NA,NA,NA,NA,NA,NA,NA,NA,NA,NA
chr1,HAVANA,gene,8484705,8494898,NA,+,NA,ENSG00000232912,antisense,RP5-1115A15.1,1,OTTHUMG00000001772.1_4,full_contig,1,overlap,NA,NA,NA,NA,NA,NA,NA,NA,NA,NA,NA,NA,NA,NA,NA
chr1,ENSEMBL,gene,8571854,8571978,NA,-,NA,ENSG00000221083,snoRNA,SNORA77,3,NA,automatic_gene,NA,NA,NA,NA,NA,NA,NA,NA,NA,NA,NA,NA,NA,NA,KNOWN,V19,NA
chr1,HAVANA,gene,8572712,8573080,NA,+,NA,ENSG00000270282,processed_pseudogene,RP5-1115A15.2,1,OTTHUMG00000184266.1_4,full_contig,1,overlap,NA,NA,NA,NA,pseudo_consens,NA,NA,NA,NA,NA,NA,NA,NA,NA,NA
chr1,HAVANA,gene,8810489,8811146,NA,+,NA,ENSG00000234619,processed_pseudogene,RP4-633I8.1,1,OTTHUMG00000001774.1_3,full_contig,1,overlap,NA,NA,NA,NA,pseudo_consens,NA,NA,NA,NA,NA,NA,NA,NA,NA,NA
chr1,HAVANA,gene,8846270,8846972,NA,-,NA,ENSG00000224315,processed_pseudogene,RP4-633I8.2,1,OTTHUMG00000001775.2_3,full_contig,1,overlap,NA,NA,NA,NA,overlapping_locus,NA,NA,NA,NA,NA,NA,NA,NA,NA,NA
chr1,ENSEMBL,gene,8856633,8856731,NA,-,NA,ENSG00000222511,misc_RNA,Y_RNA,3,NA,automatic_gene,NA,NA,NA,NA,NA,NA,NA,NA,NA,NA,NA,NA,NA,NA,NOVEL,V19,NA
chr1,HAVANA,gene,8858534,8859565,NA,+,NA,ENSG00000226545,unprocessed_pseudogene,RP4-633I8.3,1,OTTHUMG00000001776.2_4,full_contig,1,overlap,NA,NA,NA,NA,pseudo_consens,NA,NA,NA,NA,NA,NA,NA,NA,NA,NA
chr1,HAVANA,gene,8865919,8867110,NA,-,NA,ENSG00000228423,lincRNA,RP4-633I8.4,2,OTTHUMG00000001777.2_5,full_contig,1,overlap,NA,NA,NA,NA,overlapping_locus,NA,NA,NA,NA,NA,NA,NA,NA,NA,NA
chr1,HAVANA,gene,8891066,8891434,NA,+,NA,ENSG00000229716,processed_pseudogene,RP11-185B14.1,1,OTTHUMG00000001780.3_3,full_contig,1,overlap,NA,NA,NA,NA,pseudo_consens,NA,NA,NA,NA,NA,NA,NA,NA,NA,NA
chr1,HAVANA,gene,8921059,8939309,NA,-,NA,ENSG00000074800,protein_coding,ENO1,2,OTTHUMG00000001773.8_4,full_contig,1,overlap,NA,NA,NA,NA,overlapping_locus,NA,NA,NA,NA,NA,NA,NA,NA,NA,NA
chr1,HAVANA,gene,8938894,8939953,NA,+,NA,ENSG00000230679,antisense,RP3-477M7.3,1,OTTHUMG00000001779.1_4,full_contig,1,overlap,NA,NA,NA,NA,NA,NA,NA,NA,NA,NA,NA,NA,NA,NA,NA
chr1,ENSEMBL,gene,8943486,8943592,NA,-,NA,ENSG00000201725,snRNA,RNU6-304P,3,NA,automatic_gene,NA,NA,NA,NA,NA,NA,NA,NA,NA,NA,NA,NA,NA,NA,KNOWN,V19,NA
chr1,HAVANA,gene,8953468,8954210,NA,+,NA,ENSG00000238249,processed_pseudogene,RP3-477M7.4,2,OTTHUMG00000001781.1_3,full_contig,1,overlap,NA,NA,NA,NA,NA,NA,NA,NA,NA,NA,NA,NA,NA,NA,NA
chr1,HAVANA,gene,8967452,8967803,NA,-,NA,ENSG00000232208,processed_pseudogene,RP3-477M7.5,2,OTTHUMG00000001759.2_4,full_contig,1,overlap,NA,NA,NA,NA,NA,NA,NA,NA,NA,NA,NA,NA,NA,NA,NA
chr1,HAVANA,gene,8969801,8969963,NA,+,NA,ENSG00000232663,processed_pseudogene,RP3-477M7.6,2,OTTHUMG00000001761.2_4,full_contig,1,overlap,NA,NA,NA,NA,NA,NA,NA,NA,NA,NA,NA,NA,NA,NA,NA
chr1,HAVANA,gene,9005926,9035151,NA,+,NA,ENSG00000131686,protein_coding,CA6,1,OTTHUMG00000001763.7_2,full_contig,1,overlap,NA,NA,NA,NA,NA,NA,NA,NA,NA,NA,NA,NA,NA,NA,NA
chr1,ENSEMBL,gene,9039637,9039933,NA,-,NA,ENSG00000265141,misc_RNA,RN7SL451P,3,NA,automatic_gene,NA,NA,NA,NA,NA,NA,NA,NA,NA,NA,NA,NA,NA,NA,KNOWN,V19,NA
chr1,HAVANA,gene,9063359,9086404,NA,-,NA,ENSG00000197241,protein_coding,SLC2A7,2,OTTHUMG00000057499.4_2,full_contig,1,overlap,NA,NA,NA,NA,NA,NA,NA,NA,NA,NA,NA,NA,NA,NA,NA
chr1,HAVANA,gene,9095166,9148537,NA,-,NA,ENSG00000142583,protein_coding,SLC2A5,2,OTTHUMG00000001771.3_3,full_contig,1,overlap,NA,NA,NA,NA,NA,NA,NA,NA,NA,NA,NA,NA,NA,NA,NA
chr1,ENSEMBL,gene,9142755,9142938,NA,+,NA,ENSG00000252404,snoRNA,SCARNA16,3,NA,automatic_gene,NA,NA,NA,NA,NA,NA,NA,NA,NA,NA,NA,NA,NA,NA,NOVEL,V19,NA
chr1,HAVANA,gene,9160364,9189229,NA,-,NA,ENSG00000180758,protein_coding,GPR157,2,OTTHUMG00000001758.5_3,full_contig,1,overlap,NA,NA,NA,NA,NA,NA,NA,NA,NA,NA,NA,NA,NA,NA,NA
chr1,HAVANA,gene,9208070,9258965,NA,-,NA,ENSG00000228526,lincRNA,MIR34AHG,2,OTTHUMG00000001762.6_4,full_contig,1,overlap,NA,NA,NA,NA,ncRNA_host,NA,NA,NA,NA,NA,NA,NA,NA,NA,NA
chr1,ENSEMBL,gene,9211727,9211836,NA,-,NA,ENSG00000207865,miRNA,MIR34A,3,NA,automatic_gene,NA,NA,NA,NA,NA,NA,NA,NA,NA,NA,NA,NA,NA,NA,KNOWN,V19,NA
chr1,HAVANA,gene,9242063,9256343,NA,+,NA,ENSG00000234546,lincRNA,RP3-510D11.2,2,OTTHUMG00000001764.3_3,full_contig,1,overlap,NA,NA,NA,NA,NA,NA,NA,NA,NA,NA,NA,NA,NA,NA,NA
chr1,HAVANA,gene,9294834,9331396,NA,+,NA,ENSG00000049239,protein_coding,H6PD,1,OTTHUMG00000001768.2_3,full_contig,1,overlap,NA,NA,NA,NA,NA,NA,NA,NA,NA,NA,NA,NA,NA,NA,NA
chr1,ENSEMBL,gene,9338450,9338592,NA,+,NA,ENSG00000252841,miRNA,Z98044.1,3,NA,automatic_gene,NA,NA,NA,NA,NA,NA,NA,NA,NA,NA,NA,NA,NA,NA,NOVEL,V19,NA
chr1,HAVANA,gene,9352939,9429591,NA,+,NA,ENSG00000171621,protein_coding,SPSB1,2,OTTHUMG00000001279.4_2,full_contig,1,overlap,NA,NA,NA,NA,NA,NA,NA,NA,NA,NA,NA,NA,NA,NA,NA
chr1,HAVANA,gene,9481157,9482921,NA,-,NA,ENSG00000284652,lincRNA,CTD-2510L9.2,2,OTTHUMG00000192292.1_2,full_contig,1,new,NA,NA,NA,NA,NA,NA,NA,NA,NA,NA,NA,NA,NA,NA,NA
chr1,HAVANA,gene,9485153,9500623,NA,-,NA,ENSG00000284693,lincRNA,CTD-2510L9.1,2,OTTHUMG00000192293.1_2,full_contig,1,new,NA,NA,NA,NA,ncRNA_host,NA,NA,NA,NA,NA,NA,NA,NA,NA,NA
chr1,ENSEMBL,gene,9497728,9497837,NA,-,NA,ENSG00000252956,rRNA,RNA5SP40,3,NA,automatic_gene,NA,NA,NA,NA,NA,NA,NA,NA,NA,NA,NA,NA,NA,NA,KNOWN,V19,NA
chr1,HAVANA,gene,9561151,9563530,NA,-,NA,ENSG00000235263,lincRNA,RP13-392I16.1,2,OTTHUMG00000001278.1_4,full_contig,1,overlap,NA,NA,NA,NA,NA,NA,NA,NA,NA,NA,NA,NA,NA,NA,NA
chr1,HAVANA,gene,9599541,9645237,NA,+,NA,ENSG00000171612,protein_coding,SLC25A33,2,OTTHUMG00000001322.2_3,full_contig,1,overlap,NA,NA,NA,NA,overlapping_locus,NA,NA,NA,NA,NA,NA,NA,NA,NA,NA
chr1,HAVANA,gene,9636485,9637043,NA,+,NA,ENSG00000231181,processed_pseudogene,RP13-15M17.1,1,OTTHUMG00000001323.1_4,full_contig,1,overlap,NA,NA,NA,NA,overlapping_locus,NA,NA,NA,NA,NA,NA,NA,NA,NA,NA
chr1,HAVANA,gene,9648980,9674931,NA,+,NA,ENSG00000188807,protein_coding,TMEM201,2,OTTHUMG00000057457.2_3,full_contig,1,overlap,NA,NA,NA,NA,NA,NA,NA,NA,NA,NA,NA,NA,NA,NA,NA
chr1,HAVANA,gene,9711790,9789172,NA,+,NA,ENSG00000171608,protein_coding,PIK3CD,2,OTTHUMG00000001450.2_2,full_contig,1,overlap,NA,NA,NA,NA,NA,NA,NA,NA,NA,NA,NA,NA,NA,NA,NA
chr1,HAVANA,gene,9712668,9714644,NA,-,NA,ENSG00000179840,antisense,C1orf200,2,OTTHUMG00000001452.1_4,full_contig,1,overlap,NA,NA,NA,NA,NA,NA,NA,NA,NA,NA,NA,NA,NA,NA,NA
chr1,HAVANA,gene,9720886,9722684,NA,-,NA,ENSG00000233268,processed_pseudogene,RP11-558F24.2,1,OTTHUMG00000001453.3_4,full_contig,1,overlap,NA,NA,NA,NA,pseudo_consens,NA,NA,NA,NA,NA,NA,NA,NA,NA,NA
chr1,HAVANA,gene,9732484,9747613,NA,-,NA,ENSG00000231789,antisense,RP11-558F24.4,2,OTTHUMG00000001449.2_4,full_contig,1,overlap,NA,NA,NA,NA,NA,NA,NA,NA,NA,NA,NA,NA,NA,NA,NA
chr1,HAVANA,gene,9789084,9884584,NA,-,NA,ENSG00000171603,protein_coding,CLSTN1,2,OTTHUMG00000001451.1_2,full_contig,1,overlap,NA,NA,NA,NA,NA,NA,NA,NA,NA,NA,NA,NA,NA,NA,NA
chr1,HAVANA,gene,9840880,9841298,NA,+,NA,ENSG00000271264,processed_pseudogene,RP11-558F24.6,1,OTTHUMG00000184268.1_3,full_contig,1,overlap,NA,NA,NA,NA,pseudo_consens,NA,NA,NA,NA,NA,NA,NA,NA,NA,NA
chr1,HAVANA,gene,9886347,9888329,NA,-,NA,ENSG00000280113,TEC,RP11-84A14.7,2,OTTHUMG00000192111.1_3,full_contig,1,new,NA,NA,NA,NA,NA,NA,NA,NA,NA,NA,NA,NA,NA,NA,NA
chr1,HAVANA,gene,9908334,9970394,NA,-,NA,ENSG00000178585,protein_coding,CTNNBIP1,2,OTTHUMG00000001796.1_2,full_contig,1,overlap,NA,NA,NA,NA,NA,NA,NA,NA,NA,NA,NA,NA,NA,NA,NA
chr1,HAVANA,gene,9908376,9910212,NA,+,NA,ENSG00000223989,antisense,RP11-84A14.5,2,OTTHUMG00000037769.1_4,full_contig,1,overlap,NA,NA,NA,NA,NA,NA,NA,NA,NA,NA,NA,NA,NA,NA,NA
chr1,HAVANA,gene,9982171,10003465,NA,-,NA,ENSG00000162441,protein_coding,LZIC,1,OTTHUMG00000001804.3_2,full_contig,1,overlap,NA,NA,NA,NA,NA,NA,NA,NA,NA,NA,NA,NA,NA,NA,NA
chr1,HAVANA,gene,10002981,10010032,NA,+,NA,ENSG00000228150,sense_intronic,RP11-84A14.4,2,OTTHUMG00000001805.1_5,full_contig,1,overlap,NA,NA,NA,NA,overlapping_locus,NA,NA,NA,NA,NA,NA,NA,NA,NA,NA
chr1,HAVANA,gene,10003486,10045559,NA,+,NA,ENSG00000173614,protein_coding,NMNAT1,1,OTTHUMG00000001799.6_3,full_contig,1,overlap,NA,NA,NA,NA,overlapping_locus,NA,NA,NA,NA,NA,NA,NA,NA,NA,NA
chr1,ENSEMBL,gene,10007376,10007694,NA,+,NA,ENSG00000202415,misc_RNA,RN7SKP269,3,NA,automatic_gene,NA,NA,NA,NA,NA,NA,NA,NA,NA,NA,NA,NA,NA,NA,KNOWN,V19,NA
chr1,HAVANA,gene,10010630,10020845,NA,-,NA,ENSG00000283611,unitary_pseudogene,RP11-84A14.6,2,OTTHUMG00000191753.2_4,full_contig,1,new,NA,NA,NA,NA,NA,NA,NA,NA,NA,NA,NA,NA,NA,NA,NA
chr1,ENSEMBL,gene,10027439,10027516,NA,+,NA,ENSG00000265521,miRNA,MIR5697,3,NA,automatic_gene,NA,NA,NA,NA,NA,NA,NA,NA,NA,NA,NA,NA,NA,NA,KNOWN,V19,NA
chr1,HAVANA,gene,10043199,10044626,NA,+,NA,ENSG00000241326,sense_intronic,RP11-807G9.2,2,OTTHUMG00000001801.1_5,full_contig,1,overlap,NA,NA,NA,NA,overlapping_locus,NA,NA,NA,NA,NA,NA,NA,NA,NA,NA
chr1,HAVANA,gene,10057264,10076078,NA,+,NA,ENSG00000162444,protein_coding,RBP7,2,OTTHUMG00000001798.2_2,full_contig,1,overlap,NA,NA,NA,NA,NA,NA,NA,NA,NA,NA,NA,NA,NA,NA,NA
chr1,ENSEMBL,gene,10078085,10078592,NA,-,NA,ENSG00000225786,pseudogene,AL590639.1,3,NA,automatic_gene,NA,NA,NA,NA,NA,NA,NA,NA,NA,NA,NA,NA,NA,NA,NOVEL,V19,NA
chr1,HAVANA,gene,10092890,10241297,NA,+,NA,ENSG00000130939,protein_coding,UBE4B,2,OTTHUMG00000001797.2_3,full_contig,1,overlap,NA,NA,NA,NA,overlapping_locus,NA,NA,NA,NA,NA,NA,NA,NA,NA,NA
chr1,HAVANA,gene,10114503,10114839,NA,-,NA,ENSG00000224340,processed_pseudogene,RP11-496H15.2,1,OTTHUMG00000001800.1_4,full_contig,1,overlap,NA,NA,NA,NA,pseudo_consens,NA,NA,NA,NA,NA,NA,NA,NA,NA,NA
chr1,HAVANA,gene,10118729,10119706,NA,+,NA,ENSG00000233623,processed_pseudogene,RP11-496H15.3,1,OTTHUMG00000001802.2_3,full_contig,1,overlap,NA,NA,NA,NA,overlapping_locus,NA,NA,NA,NA,NA,NA,NA,NA,NA,NA
chr1,ENSEMBL,gene,10223326,10223432,NA,+,NA,ENSG00000201746,snRNA,RNU6-828P,3,NA,automatic_gene,NA,NA,NA,NA,NA,NA,NA,NA,NA,NA,NA,NA,NA,NA,KNOWN,V19,NA
chr1,HAVANA,gene,10270863,10441661,NA,+,NA,ENSG00000054523,protein_coding,KIF1B,1,OTTHUMG00000001817.2_4,full_contig,1,overlap,NA,NA,NA,NA,ncRNA_host,NA,NA,NA,NA,NA,NA,NA,NA,NA,NA
chr1,ENSEMBL,gene,10287776,10287861,NA,+,NA,ENSG00000264881,miRNA,MIR1273D,3,NA,automatic_gene,NA,NA,NA,NA,NA,NA,NA,NA,NA,NA,NA,NA,NA,NA,KNOWN,V19,NA
chr1,ENSEMBL,gene,10359024,10359130,NA,+,NA,ENSG00000199562,snRNA,RNU6-37P,3,NA,automatic_gene,NA,NA,NA,NA,NA,NA,NA,NA,NA,NA,NA,NA,NA,NA,KNOWN,V19,NA
chr1,ENSEMBL,gene,10366523,10366813,NA,+,NA,ENSG00000264501,misc_RNA,RN7SL731P,3,NA,automatic_gene,NA,NA,NA,NA,NA,NA,NA,NA,NA,NA,NA,NA,NA,NA,KNOWN,V19,NA
chr1,HAVANA,gene,10441964,10447207,NA,-,NA,ENSG00000284735,lincRNA,RP4-736L20.4,2,OTTHUMG00000192294.2_2,partial,1,new,NA,NA,NA,NA,NA,NA,NA,NA,NA,NA,NA,NA,NA,NA,NA
chr1,ENSEMBL,gene,10450059,10450353,NA,+,NA,ENSG00000265945,misc_RNA,RN7SL721P,3,NA,automatic_gene,NA,NA,NA,NA,NA,NA,NA,NA,NA,NA,NA,NA,NA,NA,KNOWN,V19,NA
chr1,HAVANA,gene,10455473,10457489,NA,+,NA,ENSG00000284642,lincRNA,RP4-736L20.5,2,OTTHUMG00000192295.1_2,full_contig,1,new,NA,NA,NA,NA,NA,NA,NA,NA,NA,NA,NA,NA,NA,NA,NA
chr1,HAVANA,gene,10458649,10480201,NA,+,NA,ENSG00000142657,protein_coding,PGD,2,OTTHUMG00000001905.4_3,full_contig,1,overlap,NA,NA,NA,NA,NA,NA,NA,NA,NA,NA,NA,NA,NA,NA,NA
chr1,HAVANA,gene,10489938,10490734,NA,-,NA,ENSG00000271989,antisense,RP4-736L20.3,2,OTTHUMG00000185648.1_4,full_contig,1,overlap,NA,NA,NA,NA,NA,NA,NA,NA,NA,NA,NA,NA,NA,NA,NA
chr1,HAVANA,gene,10490159,10512210,NA,+,NA,ENSG00000251503,protein_coding,APITD1-CORT,2,OTTHUMG00000162436.4_5,full_contig,1,overlap,NA,NA,NA,NA,overlapping_locus,NA,NA,NA,NA,NA,NA,NA,NA,NA,NA
chr1,HAVANA,gene,10490500,10502866,NA,+,NA,ENSG00000175279,protein_coding,CENPS,1,OTTHUMG00000059085.10_3,full_contig,1,overlap,NA,NA,NA,NA,overlapping_locus,NA,NA,NA,NA,NA,NA,NA,NA,NA,NA
chr1,HAVANA,gene,10509776,10511959,NA,+,NA,ENSG00000241563,protein_coding,CORT,2,OTTHUMG00000001906.4_3,full_contig,1,overlap,NA,NA,NA,NA,overlapping_locus,NA,NA,NA,NA,NA,NA,NA,NA,NA,NA
chr1,HAVANA,gene,10516579,10532583,NA,-,NA,ENSG00000160049,protein_coding,DFFA,2,OTTHUMG00000001909.3_2,full_contig,1,overlap,NA,NA,NA,NA,NA,NA,NA,NA,NA,NA,NA,NA,NA,NA,NA
chr1,HAVANA,gene,10518612,10519395,NA,+,NA,ENSG00000203469,antisense,RP5-1113E3.3,2,OTTHUMG00000001907.1_4,full_contig,1,overlap,NA,NA,NA,NA,NA,NA,NA,NA,NA,NA,NA,NA,NA,NA,NA
chr1,HAVANA,gene,10532345,10690815,NA,+,NA,ENSG00000142655,protein_coding,PEX14,2,OTTHUMG00000001908.2_2,full_contig,1,overlap,NA,NA,NA,NA,ncRNA_host,NA,NA,NA,NA,NA,NA,NA,NA,NA,NA
chr1,ENSEMBL,gene,10676893,10677170,NA,+,NA,ENSG00000243267,misc_RNA,RN7SL614P,3,NA,automatic_gene,NA,NA,NA,NA,NA,NA,NA,NA,NA,NA,NA,NA,NA,NA,KNOWN,V19,NA
chr1,HAVANA,gene,10696661,10856707,NA,-,NA,ENSG00000130940,protein_coding,CASZ1,1,OTTHUMG00000002035.5_2,full_contig,1,overlap,NA,NA,NA,NA,NA,NA,NA,NA,NA,NA,NA,NA,NA,NA,NA
chr1,HAVANA,gene,10699298,10714390,NA,+,NA,ENSG00000272078,antisense,RP4-734G22.3,2,OTTHUMG00000185370.1_4,full_contig,1,overlap,NA,NA,NA,NA,NA,NA,NA,NA,NA,NA,NA,NA,NA,NA,NA
chr1,HAVANA,gene,10955818,10956055,NA,+,NA,ENSG00000225158,processed_pseudogene,RP11-340B24.3,2,OTTHUMG00000002034.2_3,full_contig,1,overlap,NA,NA,NA,NA,NA,NA,NA,NA,NA,NA,NA,NA,NA,NA,NA
chr1,HAVANA,gene,11006528,11042094,NA,-,NA,ENSG00000175262,protein_coding,C1orf127,1,OTTHUMG00000002032.5_4,full_contig,1,overlap,NA,NA,NA,NA,NA,NA,NA,NA,NA,NA,NA,NA,NA,NA,NA
chr1,HAVANA,gene,11051035,11051854,NA,-,NA,ENSG00000215785,processed_pseudogene,CFLP6,1,OTTHUMG00000002033.1_3,full_contig,1,overlap,NA,NA,NA,NA,pseudo_consens,NA,NA,NA,NA,NA,NA,NA,NA,NA,NA
chr1,ENSEMBL,gene,11058233,11058320,NA,-,NA,ENSG00000264181,miRNA,AL713997.1,3,NA,automatic_gene,NA,NA,NA,NA,NA,NA,NA,NA,NA,NA,NA,NA,NA,NA,NOVEL,V19,NA
chr1,ENSEMBL,gene,11059919,11060002,NA,-,NA,ENSG00000207213,misc_RNA,Y_RNA,3,NA,automatic_gene,NA,NA,NA,NA,NA,NA,NA,NA,NA,NA,NA,NA,NA,NA,NOVEL,V19,NA
chr1,HAVANA,gene,11072401,11086477,NA,+,NA,ENSG00000120948,protein_coding,TARDBP,2,OTTHUMG00000002120.15_4,full_contig,1,overlap,NA,NA,NA,NA,overlapping_locus,NA,NA,NA,NA,NA,NA,NA,NA,NA,NA
chr1,HAVANA,gene,11072719,11090585,NA,+,NA,ENSG00000277726,protein_coding,RP4-635E18.9,2,OTTHUMG00000186566.4_5,full_contig,1,new,NA,NA,NA,NA,overlapping_locus,NA,NA,NA,NA,NA,NA,NA,NA,NA,NA
chr1,HAVANA,gene,11086580,11107290,NA,-,NA,ENSG00000009724,protein_coding,MASP2,2,OTTHUMG00000002121.1_2,full_contig,1,overlap,NA,NA,NA,NA,NA,NA,NA,NA,NA,NA,NA,NA,NA,NA,NA
chr1,HAVANA,gene,11089716,11090585,NA,+,NA,ENSG00000271895,antisense,RP4-635E18.8,2,OTTHUMG00000185649.2_5,full_contig,1,overlap,NA,NA,NA,NA,overlapping_locus,NA,NA,NA,NA,NA,NA,NA,NA,NA,NA
chr1,HAVANA,gene,11114641,11120081,NA,-,NA,ENSG00000116649,protein_coding,SRM,1,OTTHUMG00000002119.3_3,full_contig,1,overlap,NA,NA,NA,NA,NA,NA,NA,NA,NA,NA,NA,NA,NA,NA,NA
chr1,HAVANA,gene,11126675,11159938,NA,-,NA,ENSG00000171824,protein_coding,EXOSC10,2,OTTHUMG00000002123.3_3,full_contig,1,overlap,NA,NA,NA,NA,NA,NA,NA,NA,NA,NA,NA,NA,NA,NA,NA
chr1,HAVANA,gene,11128528,11133154,NA,+,NA,ENSG00000226849,antisense,RP4-635E18.7,2,OTTHUMG00000034707.1_5,full_contig,1,overlap,NA,NA,NA,NA,NA,NA,NA,NA,NA,NA,NA,NA,NA,NA,NA
chr1,HAVANA,gene,11159732,11162157,NA,+,NA,ENSG00000230337,antisense,RP4-635E18.6,1,OTTHUMG00000002122.1_4,full_contig,1,overlap,NA,NA,NA,NA,NA,NA,NA,NA,NA,NA,NA,NA,NA,NA,NA
chr1,HAVANA,gene,11166592,11322564,NA,-,NA,ENSG00000198793,protein_coding,MTOR,2,OTTHUMG00000002001.3_3,full_contig,1,overlap,NA,NA,NA,NA,NA,NA,NA,NA,NA,NA,NA,NA,NA,NA,NA
chr1,HAVANA,gene,11203955,11209594,NA,+,NA,ENSG00000225602,antisense,RP11-99P18.1,2,OTTHUMG00000002003.1_4,full_contig,1,overlap,NA,NA,NA,NA,NA,NA,NA,NA,NA,NA,NA,NA,NA,NA,NA
chr1,ENSEMBL,gene,11212407,11212509,NA,+,NA,ENSG00000253086,snRNA,RNU6-537P,3,NA,automatic_gene,NA,NA,NA,NA,NA,NA,NA,NA,NA,NA,NA,NA,NA,NA,KNOWN,V19,NA
chr1,ENSEMBL,gene,11229564,11229670,NA,-,NA,ENSG00000271794,snoRNA,snoU13,3,NA,automatic_gene,NA,NA,NA,NA,NA,NA,NA,NA,NA,NA,NA,NA,NA,NA,NOVEL,V19,NA
chr1,HAVANA,gene,11249398,11256038,NA,+,NA,ENSG00000171819,protein_coding,ANGPTL7,2,OTTHUMG00000002002.3_2,full_contig,1,overlap,NA,NA,NA,NA,NA,NA,NA,NA,NA,NA,NA,NA,NA,NA,NA
chr1,ENSEMBL,gene,11286311,11286417,NA,+,NA,ENSG00000207451,snRNA,RNU6-291P,3,NA,automatic_gene,NA,NA,NA,NA,NA,NA,NA,NA,NA,NA,NA,NA,NA,NA,KNOWN,V19,NA
chr1,HAVANA,gene,11293020,11293169,NA,+,NA,ENSG00000238173,processed_pseudogene,RP4-647M16.1,1,OTTHUMG00000002000.1_3,full_contig,1,overlap,NA,NA,NA,NA,pseudo_consens,NA,NA,NA,NA,NA,NA,NA,NA,NA,NA
chr1,HAVANA,gene,11333263,11356106,NA,+,NA,ENSG00000120942,protein_coding,UBIAD1,2,OTTHUMG00000002075.2_3,full_contig,1,overlap,NA,NA,NA,NA,NA,NA,NA,NA,NA,NA,NA,NA,NA,NA,NA
chr1,HAVANA,gene,11338673,11339408,NA,-,NA,ENSG00000238199,processed_pseudogene,RP4-796F18.2,1,OTTHUMG00000002077.1_3,full_contig,1,overlap,NA,NA,NA,NA,pseudo_consens,NA,NA,NA,NA,NA,NA,NA,NA,NA,NA
chr1,HAVANA,gene,11371791,11379150,NA,-,NA,ENSG00000284646,lincRNA,RP4-796F18.3,2,OTTHUMG00000192296.1_2,full_contig,1,new,NA,NA,NA,NA,NA,NA,NA,NA,NA,NA,NA,NA,NA,NA,NA
chr1,HAVANA,gene,11485314,11485878,NA,-,NA,ENSG00000224338,processed_pseudogene,RP11-149P14.1,2,OTTHUMG00000002073.2_3,full_contig,1,overlap,NA,NA,NA,NA,NA,NA,NA,NA,NA,NA,NA,NA,NA,NA,NA
chr1,HAVANA,gene,11539223,11597641,NA,+,NA,ENSG00000204624,protein_coding,DISP3,2,OTTHUMG00000002074.2_3,full_contig,1,overlap,NA,NA,NA,NA,NA,NA,NA,NA,NA,NA,NA,NA,NA,NA,NA
chr1,HAVANA,gene,11669588,11673412,NA,+,NA,ENSG00000235643,lincRNA,RP1-69M21.2,2,OTTHUMG00000002076.1_3,full_contig,1,overlap,NA,NA,NA,NA,NA,NA,NA,NA,NA,NA,NA,NA,NA,NA,NA
chr1,HAVANA,gene,11683615,11703473,NA,+,NA,ENSG00000284708,antisense,RP3-330O12.5,2,OTTHUMG00000192297.1_2,full_contig,1,new,NA,NA,NA,NA,NA,NA,NA,NA,NA,NA,NA,NA,NA,NA,NA
chr1,HAVANA,gene,11697075,11715842,NA,-,NA,ENSG00000116661,protein_coding,FBXO2,2,OTTHUMG00000002072.5_3,full_contig,1,overlap,NA,NA,NA,NA,NA,NA,NA,NA,NA,NA,NA,NA,NA,NA,NA
chr1,HAVANA,gene,11714432,11723384,NA,+,NA,ENSG00000132879,protein_coding,FBXO44,2,OTTHUMG00000002071.6_2,full_contig,1,overlap,NA,NA,NA,NA,NA,NA,NA,NA,NA,NA,NA,NA,NA,NA,NA
chr1,HAVANA,gene,11724181,11734411,NA,+,NA,ENSG00000116663,protein_coding,FBXO6,2,OTTHUMG00000002229.1_2,full_contig,1,overlap,NA,NA,NA,NA,NA,NA,NA,NA,NA,NA,NA,NA,NA,NA,NA
chr1,HAVANA,gene,11734537,11751707,NA,-,NA,ENSG00000116670,protein_coding,MAD2L2,2,OTTHUMG00000002231.4_3,full_contig,1,overlap,NA,NA,NA,NA,NA,NA,NA,NA,NA,NA,NA,NA,NA,NA,NA
chr1,HAVANA,gene,11751786,11785914,NA,+,NA,ENSG00000162490,protein_coding,DRAXIN,2,OTTHUMG00000002227.1_2,full_contig,1,overlap,NA,NA,NA,NA,NA,NA,NA,NA,NA,NA,NA,NA,NA,NA,NA
chr1,HAVANA,gene,11796141,11814859,NA,+,NA,ENSG00000177674,protein_coding,AGTRAP,2,OTTHUMG00000002230.5_5,full_contig,1,overlap,NA,NA,NA,NA,NA,NA,NA,NA,NA,NA,NA,NA,NA,NA,NA
chr1,HAVANA,gene,11821844,11849642,NA,+,NA,ENSG00000215910,protein_coding,C1orf167,1,OTTHUMG00000002228.2_3,full_contig,1,overlap,NA,NA,NA,NA,NA,NA,NA,NA,NA,NA,NA,NA,NA,NA,NA
chr1,HAVANA,gene,11837134,11839676,NA,-,NA,ENSG00000177553,antisense,RP11-56N19.5,2,OTTHUMG00000037775.1_4,full_contig,1,overlap,NA,NA,NA,NA,NA,NA,NA,NA,NA,NA,NA,NA,NA,NA,NA
chr1,HAVANA,gene,11845780,11866977,NA,-,NA,ENSG00000177000,protein_coding,MTHFR,2,OTTHUMG00000002277.5_5,full_contig,1,overlap,NA,NA,NA,NA,NA,NA,NA,NA,NA,NA,NA,NA,NA,NA,NA
chr1,HAVANA,gene,11866153,11903201,NA,+,NA,ENSG00000011021,protein_coding,CLCN6,2,OTTHUMG00000002299.4_3,full_contig,1,overlap,NA,NA,NA,NA,overlapping_locus,NA,NA,NA,NA,NA,NA,NA,NA,NA,NA
chr1,HAVANA,gene,11901074,11908136,NA,+,NA,ENSG00000242349,antisense,NPPA-AS1,2,OTTHUMG00000002377.2_5,full_contig,1,overlap,NA,NA,NA,NA,overlapping_locus,NA,NA,NA,NA,NA,NA,NA,NA,NA,NA
chr1,HAVANA,gene,11905766,11908402,NA,-,NA,ENSG00000175206,protein_coding,NPPA,2,OTTHUMG00000002388.2_2,full_contig,1,overlap,NA,NA,NA,NA,NA,NA,NA,NA,NA,NA,NA,NA,NA,NA,NA
chr1,HAVANA,gene,11917521,11918988,NA,-,NA,ENSG00000120937,protein_coding,NPPB,2,OTTHUMG00000002389.1_2,full_contig,1,overlap,NA,NA,NA,NA,NA,NA,NA,NA,NA,NA,NA,NA,NA,NA,NA
chr1,HAVANA,gene,11937827,11940463,NA,+,NA,ENSG00000224904,processed_pseudogene,RP5-934G17.6,1,OTTHUMG00000002390.1_4,full_contig,1,overlap,NA,NA,NA,NA,pseudo_consens,NA,NA,NA,NA,NA,NA,NA,NA,NA,NA
chr1,ENSEMBL,gene,11968209,11968328,NA,+,NA,ENSG00000199347,snRNA,RNU5E-1,3,NA,automatic_gene,NA,NA,NA,NA,NA,NA,NA,NA,NA,NA,NA,NA,NA,NA,KNOWN,V19,NA
chr1,ENSEMBL,gene,11969865,11969984,NA,-,NA,ENSG00000201801,snRNA,RNU5E-4P,3,NA,automatic_gene,NA,NA,NA,NA,NA,NA,NA,NA,NA,NA,NA,NA,NA,NA,KNOWN,V19,NA
chr1,HAVANA,gene,11979648,11986485,NA,-,NA,ENSG00000116685,protein_coding,KIAA2013,2,OTTHUMG00000002391.1_2,full_contig,1,overlap,NA,NA,NA,NA,NA,NA,NA,NA,NA,NA,NA,NA,NA,NA,NA
chr1,HAVANA,gene,11994262,12035595,NA,+,NA,ENSG00000083444,protein_coding,PLOD1,2,OTTHUMG00000002393.4_2,full_contig,1,overlap,NA,NA,NA,NA,NA,NA,NA,NA,NA,NA,NA,NA,NA,NA,NA
chr1,HAVANA,gene,12040238,12073571,NA,+,NA,ENSG00000116688,protein_coding,MFN2,2,OTTHUMG00000002392.7_3,full_contig,1,overlap,NA,NA,NA,NA,NA,NA,NA,NA,NA,NA,NA,NA,NA,NA,NA
chr1,HAVANA,gene,12077273,12077365,NA,-,NA,ENSG00000270914,processed_pseudogene,RP5-1077B9.5,1,OTTHUMG00000184269.1_4,full_contig,1,overlap,NA,NA,NA,NA,pseudo_consens,NA,NA,NA,NA,NA,NA,NA,NA,NA,NA
chr1,HAVANA,gene,12079523,12092102,NA,+,NA,ENSG00000116691,protein_coding,MIIP,2,OTTHUMG00000002439.1_2,full_contig,1,overlap,NA,NA,NA,NA,ncRNA_host,NA,NA,NA,NA,NA,NA,NA,NA,NA,NA
chr1,ENSEMBL,gene,12084069,12084181,NA,-,NA,ENSG00000202461,misc_RNA,Y_RNA,3,NA,automatic_gene,NA,NA,NA,NA,NA,NA,NA,NA,NA,NA,NA,NA,NA,NA,NOVEL,V19,NA
chr1,ENSEMBL,gene,12096799,12097071,NA,-,NA,ENSG00000243539,misc_RNA,RN7SL649P,3,NA,automatic_gene,NA,NA,NA,NA,NA,NA,NA,NA,NA,NA,NA,NA,NA,NA,KNOWN,V19,NA
chr1,HAVANA,gene,12123434,12204264,NA,+,NA,ENSG00000120949,protein_coding,TNFRSF8,2,OTTHUMG00000001827.4_2,full_contig,1,overlap,NA,NA,NA,NA,NA,NA,NA,NA,NA,NA,NA,NA,NA,NA,NA
chr1,ENSEMBL,gene,12137938,12138041,NA,-,NA,ENSG00000201135,snRNA,RNU6-777P,3,NA,automatic_gene,NA,NA,NA,NA,NA,NA,NA,NA,NA,NA,NA,NA,NA,NA,KNOWN,V19,NA
chr1,HAVANA,gene,12140350,12140604,NA,-,NA,ENSG00000227875,processed_pseudogene,RP11-426M1.2,1,OTTHUMG00000001828.3_3,full_contig,1,overlap,NA,NA,NA,NA,pseudo_consens,NA,NA,NA,NA,NA,NA,NA,NA,NA,NA
chr1,HAVANA,gene,12227060,12269285,NA,+,NA,ENSG00000028137,protein_coding,TNFRSF1B,2,OTTHUMG00000001829.1_3,full_contig,1,overlap,NA,NA,NA,NA,ncRNA_host,NA,NA,NA,NA,NA,NA,NA,NA,NA,NA
chr1,ENSEMBL,gene,12251770,12251830,NA,+,NA,ENSG00000263676,miRNA,MIR4632,3,NA,automatic_gene,NA,NA,NA,NA,NA,NA,NA,NA,NA,NA,NA,NA,NA,NA,KNOWN,V19,NA
chr1,HAVANA,gene,12280851,12281166,NA,-,NA,ENSG00000225196,processed_pseudogene,RP5-1118D24.2,2,OTTHUMG00000004233.3_3,full_contig,1,overlap,NA,NA,NA,NA,NA,NA,NA,NA,NA,NA,NA,NA,NA,NA,NA
chr1,ENSEMBL,gene,12281205,12281328,NA,-,NA,ENSG00000252969,snoRNA,SNORA70,3,NA,automatic_gene,NA,NA,NA,NA,NA,NA,NA,NA,NA,NA,NA,NA,NA,NA,NOVEL,V19,NA
chr1,HAVANA,gene,12290089,12572099,NA,+,NA,ENSG00000048707,protein_coding,VPS13D,2,OTTHUMG00000013155.7_4,partial,1,overlap,NA,NA,NA,NA,ncRNA_host,NA,NA,NA,NA,NA,NA,NA,NA,NA,NA
chr1,ENSEMBL,gene,12567300,12567451,NA,+,NA,ENSG00000239149,snoRNA,SNORA59A,3,NA,automatic_gene,NA,NA,NA,NA,NA,NA,NA,NA,NA,NA,NA,NA,NA,NA,KNOWN,V19,NA
chr1,HAVANA,gene,12587766,12588462,NA,+,NA,ENSG00000229484,lincRNA,RP5-888M10.2,2,OTTHUMG00000013154.1_4,full_contig,1,overlap,NA,NA,NA,NA,NA,NA,NA,NA,NA,NA,NA,NA,NA,NA,NA
chr1,HAVANA,gene,12627939,12677737,NA,-,NA,ENSG00000162496,protein_coding,DHRS3,2,OTTHUMG00000001885.5_2,full_fragment,1,overlap,NA,NA,NA,NA,ncRNA_host,NA,NA,NA,NA,NA,NA,NA,NA,NA,NA
chr1,ENSEMBL,gene,12630000,12630100,NA,-,NA,ENSG00000221340,snRNA,RNU6ATAC18P,3,NA,automatic_gene,NA,NA,NA,NA,NA,NA,NA,NA,NA,NA,NA,NA,NA,NA,KNOWN,V19,NA
chr1,HAVANA,gene,12678906,12679250,NA,-,NA,ENSG00000272482,lincRNA,RP11-474O21.5,2,OTTHUMG00000185309.1_4,full_contig,1,overlap,NA,NA,NA,NA,NA,NA,NA,NA,NA,NA,NA,NA,NA,NA,NA
chr1,HAVANA,gene,12704566,12727097,NA,+,NA,ENSG00000204518,protein_coding,AADACL4,2,OTTHUMG00000001889.1_2,full_contig,1,overlap,NA,NA,NA,NA,NA,NA,NA,NA,NA,NA,NA,NA,NA,NA,NA
chr1,HAVANA,gene,12752925,12753036,NA,+,NA,ENSG00000226166,processed_pseudogene,RP11-474O21.2,2,OTTHUMG00000001886.2_4,full_contig,1,overlap,NA,NA,NA,NA,NA,NA,NA,NA,NA,NA,NA,NA,NA,NA,NA
chr1,HAVANA,gene,12776118,12788726,NA,+,NA,ENSG00000188984,protein_coding,AADACL3,2,OTTHUMG00000001887.5_2,partial,1,overlap,NA,NA,NA,NA,NA,NA,NA,NA,NA,NA,NA,NA,NA,NA,NA
chr1,ENSEMBL,gene,12799693,12799796,NA,+,NA,ENSG00000238771,snoRNA,snoU13,3,NA,automatic_gene,NA,NA,NA,NA,NA,NA,NA,NA,NA,NA,NA,NA,NA,NA,NOVEL,V19,NA
chr1,HAVANA,gene,12806163,12823847,NA,+,NA,ENSG00000157330,protein_coding,C1orf158,2,OTTHUMG00000001888.4_2,partial,1,overlap,NA,NA,NA,NA,NA,NA,NA,NA,NA,NA,NA,NA,NA,NA,NA
chr1,HAVANA,gene,12834984,12838049,NA,+,NA,ENSG00000116726,protein_coding,PRAMEF12,2,OTTHUMG00000001927.2_2,full_contig,1,overlap,NA,NA,NA,NA,NA,NA,NA,NA,NA,NA,NA,NA,NA,NA,NA
chr1,HAVANA,gene,12851546,12856777,NA,+,NA,ENSG00000116721,protein_coding,PRAMEF1,2,OTTHUMG00000001928.2_2,partial,1,overlap,NA,NA,NA,NA,NA,NA,NA,NA,NA,NA,NA,NA,NA,NA,NA
chr1,HAVANA,gene,12882549,12883022,NA,-,NA,ENSG00000228338,lincRNA,RP5-845O24.8,2,OTTHUMG00000041465.1_3,full_contig,1,overlap,NA,NA,NA,NA,NA,NA,NA,NA,NA,NA,NA,NA,NA,NA,NA
chr1,HAVANA,gene,12884468,12891264,NA,-,NA,ENSG00000204513,protein_coding,PRAMEF11,2,OTTHUMG00000001929.1,NA,NA,NA,NA,NA,NA,NA,NA,NA,NA,NA,NA,NA,NA,NA,KNOWN,V19,NA
chr1,HAVANA,gene,12897978,12901210,NA,-,NA,ENSG00000231103,unprocessed_pseudogene,RP5-845O24.3,2,OTTHUMG00000001930.3_3,partial,1,overlap,NA,NA,NA,NA,NA,NA,NA,NA,NA,NA,NA,NA,NA,NA,NA
chr1,HAVANA,gene,12907261,12908578,NA,-,NA,ENSG00000179172,protein_coding,HNRNPCL1,2,OTTHUMG00000001931.3_3,full_contig,1,overlap,NA,NA,NA,NA,retrogene,NA,NA,NA,NA,NA,NA,NA,NA,NA,NA
chr1,HAVANA,gene,12916941,12921764,NA,+,NA,ENSG00000120952,protein_coding,PRAMEF2,2,OTTHUMG00000001986.1_2,full_contig,1,overlap,NA,NA,NA,NA,NA,NA,NA,NA,NA,NA,NA,NA,NA,NA,NA
chr1,HAVANA,gene,12939045,12946025,NA,-,NA,ENSG00000243073,protein_coding,PRAMEF4,2,OTTHUMG00000001987.2_2,full_contig,1,overlap,NA,NA,NA,NA,NA,NA,NA,NA,NA,NA,NA,NA,NA,NA,NA
chr1,HAVANA,gene,12952727,12958101,NA,-,NA,ENSG00000187545,protein_coding,PRAMEF10,2,OTTHUMG00000001981.3_2,partial,1,overlap,NA,NA,NA,NA,NA,NA,NA,NA,NA,NA,NA,NA,NA,NA,NA
chr1,HAVANA,gene,12976430,12980302,NA,+,NA,ENSG00000204510,protein_coding,PRAMEF7,2,OTTHUMG00000001982.3_2,partial,1,overlap,NA,NA,NA,NA,NA,NA,NA,NA,NA,NA,NA,NA,NA,NA,NA
chr1,ENSEMBL,gene,12982374,12982480,NA,+,NA,ENSG00000207434,snRNA,RNU6-1072P,3,NA,automatic_gene,NA,NA,NA,NA,NA,NA,NA,NA,NA,NA,NA,NA,NA,NA,KNOWN,V19,NA
chr1,HAVANA,gene,12985990,12988081,NA,+,NA,ENSG00000234064,unprocessed_pseudogene,RP11-450I1.2,2,OTTHUMG00000001983.1_3,full_contig,1,overlap,NA,NA,NA,NA,NA,NA,NA,NA,NA,NA,NA,NA,NA,NA,NA
chr1,HAVANA,gene,12998302,13007406,NA,-,NA,ENSG00000232423,protein_coding,PRAMEF6,2,OTTHUMG00000001984.2_3,full_contig,1,overlap,NA,NA,NA,NA,NA,NA,NA,NA,NA,NA,NA,NA,NA,NA,NA
chr1,HAVANA,gene,13012966,13015755,NA,-,NA,ENSG00000250894,pseudogene,RP11-450I1.4,2,OTTHUMG00000001985.1,NA,NA,NA,NA,NA,NA,NA,NA,NA,NA,NA,NA,NA,NA,NA,KNOWN,V19,NA
chr1,HAVANA,gene,13035543,13038381,NA,+,NA,ENSG00000204508,protein_coding,PRAMEF22,2,OTTHUMG00000074726.1,NA,NA,NA,NA,NA,NA,NA,NA,NA,NA,NA,NA,NA,NA,NA,KNOWN,V19,NA
chr1,HAVANA,gene,13052394,13052998,NA,-,NA,ENSG00000239810,protein_coding,WI2-3308P17.2,2,OTTHUMG00000074727.1,NA,NA,NA,NA,NA,NA,NA,NA,NA,NA,NA,NA,NA,NA,NA,PUTATIVE,V19,NA
chr1,HAVANA,gene,13108842,13112679,NA,-,NA,ENSG00000270601,pseudogene,PRAMEF23,2,OTTHUMG00000184604.1,NA,NA,NA,NA,NA,NA,NA,NA,NA,NA,NA,NA,NA,NA,NA,KNOWN,V19,NA
chr1,HAVANA,gene,13123246,13126086,NA,-,NA,ENSG00000250113,pseudogene,RP13-221M14.6,2,OTTHUMG00000160546.1,NA,NA,NA,NA,NA,NA,NA,NA,NA,NA,NA,NA,NA,NA,NA,KNOWN,V19,NA
chr1,HAVANA,gene,13140456,13145000,NA,+,NA,ENSG00000204505,pseudogene,PRAMEF25,2,OTTHUMG00000009499.1,NA,NA,NA,NA,NA,NA,NA,NA,NA,NA,NA,NA,NA,NA,NA,KNOWN,V19,NA
chr1,HAVANA,gene,13146777,13147256,NA,+,NA,ENSG00000233336,lincRNA,RP13-221M14.2,2,OTTHUMG00000009500.1,NA,NA,NA,NA,NA,NA,NA,NA,NA,NA,NA,NA,NA,NA,NA,NOVEL,V19,NA
chr1,HAVANA,gene,13162645,13165443,NA,-,NA,ENSG00000229978,pseudogene,RP13-221M14.3,2,OTTHUMG00000009501.2,NA,NA,NA,NA,NA,NA,NA,NA,NA,NA,NA,NA,NA,NA,NA,KNOWN,V19,NA
chr1,HAVANA,gene,13171871,13173157,NA,-,NA,ENSG00000236179,unprocessed_pseudogene,RP13-221M14.4,2,OTTHUMG00000009502.2_3,full_contig,1,overlap,NA,NA,NA,NA,NA,NA,NA,NA,NA,NA,NA,NA,NA,NA,NA
chr1,HAVANA,gene,13182968,13184326,NA,-,NA,ENSG00000275774,protein_coding,HNRNPCL2,2,OTTHUMG00000009503.4_2,full_contig,1,new,NA,NA,NA,NA,NA,NA,NA,NA,NA,NA,NA,NA,NA,NA,NA
chr1,HAVANA,gene,13182991,13183872,NA,-,NA,ENSG00000179412,protein_coding,HNRNPCL4,2,OTTHUMG00000189238.2_3,partial,1,overlap,NA,NA,NA,NA,retrogene,NA,NA,NA,NA,NA,NA,NA,NA,NA,NA
chr1,HAVANA,gene,13196270,13199067,NA,+,NA,ENSG00000224199,pseudogene,WI2-2994D6.1,2,OTTHUMG00000074740.1,NA,NA,NA,NA,NA,NA,NA,NA,NA,NA,NA,NA,NA,NA,NA,KNOWN,V19,NA
chr1,HAVANA,gene,13216356,13219581,NA,-,NA,ENSG00000229571,protein_coding,PRAMEF26,2,OTTHUMG00000074741.1,NA,NA,NA,NA,NA,NA,NA,NA,NA,NA,NA,NA,NA,NA,NA,PUTATIVE,V19,NA
chr1,HAVANA,gene,13328196,13331692,NA,-,NA,ENSG00000204503,protein_coding,PRAMEF3,2,OTTHUMG00000009404.1,NA,NA,NA,NA,NA,NA,NA,NA,NA,NA,NA,NA,NA,NA,NA,KNOWN,V19,NA
chr1,HAVANA,gene,13351482,13354323,NA,+,NA,ENSG00000233394,pseudogene,RP11-248D7.2,2,OTTHUMG00000009504.1,NA,NA,NA,NA,NA,NA,NA,NA,NA,NA,NA,NA,NA,NA,NA,KNOWN,V19,NA
chr1,HAVANA,gene,13359819,13369057,NA,+,NA,ENSG00000204502,protein_coding,PRAMEF5,2,OTTHUMG00000009505.1,NA,NA,NA,NA,NA,NA,NA,NA,NA,NA,NA,NA,NA,NA,NA,KNOWN,V19,NA
chr1,HAVANA,gene,13379149,13381237,NA,-,NA,ENSG00000231219,unprocessed_pseudogene,RP11-219C24.8,2,OTTHUMG00000008039.2_3,full_contig,1,overlap,NA,NA,NA,NA,NA,NA,NA,NA,NA,NA,NA,NA,NA,NA,NA
chr1,ENSEMBL,gene,13384735,13384841,NA,-,NA,ENSG00000207511,snRNA,RNU6-771P,3,NA,automatic_gene,NA,NA,NA,NA,NA,NA,NA,NA,NA,NA,NA,NA,NA,NA,KNOWN,V19,NA
chr1,HAVANA,gene,13386646,13390765,NA,-,NA,ENSG00000182330,protein_coding,PRAMEF8,2,OTTHUMG00000008037.1,NA,NA,NA,NA,NA,NA,NA,NA,NA,NA,NA,NA,NA,NA,NA,KNOWN,V19,NA
chr1,HAVANA,gene,13411551,13414482,NA,+,NA,ENSG00000237700,pseudogene,RP11-219C24.6,2,OTTHUMG00000008036.1,NA,NA,NA,NA,NA,NA,NA,NA,NA,NA,NA,NA,NA,NA,NA,KNOWN,V19,NA
chr1,HAVANA,gene,13421176,13428191,NA,+,NA,ENSG00000204501,protein_coding,PRAMEF9,2,OTTHUMG00000008035.1,NA,NA,NA,NA,NA,NA,NA,NA,NA,NA,NA,NA,NA,NA,NA,KNOWN,V19,NA
chr1,HAVANA,gene,13429634,13430113,NA,+,NA,ENSG00000228229,lincRNA,RP11-219C24.10,2,OTTHUMG00000008038.2,NA,NA,NA,NA,NA,NA,NA,NA,NA,NA,NA,NA,NA,NA,NA,NOVEL,V19,NA
chr1,HAVANA,gene,13447556,13452656,NA,-,NA,ENSG00000279169,protein_coding,PRAMEF13,2,OTTHUMG00000189240.2_3,partial,1,overlap,NA,NA,NA,NA,NA,NA,NA,NA,NA,NA,NA,NA,NA,NA,NA
chr1,HAVANA,gene,13448050,13450861,NA,-,NA,ENSG00000274178,unprocessed_pseudogene,CH17-409J4.2,2,OTTHUMG00000189309.1_3,partial,1,new,NA,NA,NA,NA,overlapping_locus,NA,NA,NA,NA,NA,NA,NA,NA,NA,NA
chr1,HAVANA,gene,13474689,13477522,NA,-,NA,ENSG00000204491,protein_coding,PRAMEF18,2,OTTHUMG00000002932.2,NA,NA,NA,NA,NA,NA,NA,NA,NA,NA,NA,NA,NA,NA,NA,KNOWN,V19,NA
chr1,HAVANA,gene,13495254,13498260,NA,+,NA,ENSG00000204488,protein_coding,PRAMEF16,2,OTTHUMG00000002933.1,NA,NA,NA,NA,NA,NA,NA,NA,NA,NA,NA,NA,NA,NA,NA,KNOWN,V19,NA
chr1,HAVANA,gene,13516066,13526943,NA,+,NA,ENSG00000204486,protein_coding,PRAMEF21,2,OTTHUMG00000002919.3,NA,NA,NA,NA,NA,NA,NA,NA,NA,NA,NA,NA,NA,NA,NA,KNOWN,V19,NA
chr1,HAVANA,gene,13607431,13611550,NA,-,NA,ENSG00000204485,pseudogene,XX-FW84067D5.1,2,OTTHUMG00000007910.1,NA,NA,NA,NA,NA,NA,NA,NA,NA,NA,NA,NA,NA,NA,NA,KNOWN,V19,NA
chr1,HAVANA,gene,13632348,13635279,NA,+,NA,ENSG00000224581,pseudogene,XX-FW84067D5.2,2,OTTHUMG00000007913.1,NA,NA,NA,NA,NA,NA,NA,NA,NA,NA,NA,NA,NA,NA,NA,KNOWN,V19,NA
chr1,HAVANA,gene,13641973,13648988,NA,+,NA,ENSG00000157358,protein_coding,PRAMEF15,2,OTTHUMG00000007921.2,NA,NA,NA,NA,NA,NA,NA,NA,NA,NA,NA,NA,NA,NA,NA,KNOWN,V19,NA
chr1,HAVANA,gene,13668411,13673511,NA,-,NA,ENSG00000204481,protein_coding,PRAMEF14,2,OTTHUMG00000007916.3_2,full_contig,1,overlap,NA,NA,NA,NA,NA,NA,NA,NA,NA,NA,NA,NA,NA,NA,NA
chr1,HAVANA,gene,13695525,13698151,NA,-,NA,ENSG00000204480,protein_coding,PRAMEF19,2,OTTHUMG00000007919.4_2,full_contig,1,overlap,NA,NA,NA,NA,NA,NA,NA,NA,NA,NA,NA,NA,NA,NA,NA
chr1,HAVANA,gene,13716092,13719089,NA,+,NA,ENSG00000204479,protein_coding,PRAMEF17,2,OTTHUMG00000007909.3_2,full_contig,1,overlap,NA,NA,NA,NA,NA,NA,NA,NA,NA,NA,NA,NA,NA,NA,NA
chr1,HAVANA,gene,13736907,13747803,NA,+,NA,ENSG00000204478,protein_coding,PRAMEF20,2,OTTHUMG00000007911.2_2,full_contig,1,overlap,NA,NA,NA,NA,NA,NA,NA,NA,NA,NA,NA,NA,NA,NA,NA
chr1,HAVANA,gene,13801445,13840543,NA,-,NA,ENSG00000162494,protein_coding,LRRC38,2,OTTHUMG00000007918.1_2,full_contig,1,overlap,NA,NA,NA,NA,NA,NA,NA,NA,NA,NA,NA,NA,NA,NA,NA
chr1,HAVANA,gene,13839715,13842765,NA,+,NA,ENSG00000259961,antisense,RP4-597A16.2,2,OTTHUMG00000007920.1_4,full_contig,1,overlap,NA,NA,NA,NA,NA,NA,NA,NA,NA,NA,NA,NA,NA,NA,NA
chr1,HAVANA,gene,13881496,13882189,NA,+,NA,ENSG00000215909,processed_pseudogene,RP4-597A16.3,1,OTTHUMG00000007922.1_3,full_contig,1,overlap,NA,NA,NA,NA,pseudo_consens,NA,NA,NA,NA,NA,NA,NA,NA,NA,NA
chr1,HAVANA,gene,13909960,13944452,NA,+,NA,ENSG00000162493,protein_coding,PDPN,1,OTTHUMG00000007912.5_4,full_contig,1,overlap,NA,NA,NA,NA,NA,NA,NA,NA,NA,NA,NA,NA,NA,NA,NA
chr1,ENSEMBL,gene,13949679,13949779,NA,-,NA,ENSG00000222952,rRNA,RNA5SP41,3,NA,automatic_gene,NA,NA,NA,NA,NA,NA,NA,NA,NA,NA,NA,NA,NA,NA,KNOWN,V19,NA
chr1,ENSEMBL,gene,13950397,13950497,NA,-,NA,ENSG00000266358,miRNA,AL359771.1,3,NA,automatic_gene,NA,NA,NA,NA,NA,NA,NA,NA,NA,NA,NA,NA,NA,NA,NOVEL,V19,NA
chr1,HAVANA,gene,13983806,13986405,NA,-,NA,ENSG00000237445,lincRNA,CTA-520D8.2,2,OTTHUMG00000007915.2_4,full_contig,1,overlap,NA,NA,NA,NA,NA,NA,NA,NA,NA,NA,NA,NA,NA,NA,NA
chr1,ENSEMBL,gene,14022565,14022694,NA,-,NA,ENSG00000253085,snoRNA,SCARNA11,3,NA,automatic_gene,NA,NA,NA,NA,NA,NA,NA,NA,NA,NA,NA,NA,NA,NA,NOVEL,V19,NA
chr1,HAVANA,gene,14026693,14151574,NA,+,NA,ENSG00000116731,protein_coding,PRDM2,2,OTTHUMG00000007917.6_3,full_contig,1,overlap,NA,NA,NA,NA,NA,NA,NA,NA,NA,NA,NA,NA,NA,NA,NA
chr1,HAVANA,gene,14219287,15444539,NA,+,NA,ENSG00000189337,protein_coding,KAZN,2,OTTHUMG00000002042.7_4,full_contig,1,overlap,NA,NA,NA,NA,NA,NA,NA,NA,NA,NA,NA,NA,NA,NA,NA
chr1,ENSEMBL,gene,14450728,14450830,NA,-,NA,ENSG00000252151,snRNA,RNU6-1265P,3,NA,automatic_gene,NA,NA,NA,NA,NA,NA,NA,NA,NA,NA,NA,NA,NA,NA,KNOWN,V19,NA
chr1,HAVANA,gene,14548386,14549613,NA,-,NA,ENSG00000231606,lincRNA,RP11-344F13.1,2,OTTHUMG00000002047.1_4,full_contig,1,overlap,NA,NA,NA,NA,NA,NA,NA,NA,NA,NA,NA,NA,NA,NA,NA
chr1,HAVANA,gene,14675450,14718071,NA,-,NA,ENSG00000234593,lincRNA,RP4-704D23.1,2,OTTHUMG00000002044.2_4,full_contig,1,overlap,NA,NA,NA,NA,NA,NA,NA,NA,NA,NA,NA,NA,NA,NA,NA
chr1,HAVANA,gene,15018625,15019109,NA,-,NA,ENSG00000235829,processed_pseudogene,RP3-410I8.1,1,OTTHUMG00000037853.1_3,full_contig,1,overlap,NA,NA,NA,NA,pseudo_consens,NA,NA,NA,NA,NA,NA,NA,NA,NA,NA
chr1,HAVANA,gene,15438311,15478960,NA,-,NA,ENSG00000175147,antisense,TMEM51-AS1,2,OTTHUMG00000002043.5_4,full_contig,1,overlap,NA,NA,NA,NA,NA,NA,NA,NA,NA,NA,NA,NA,NA,NA,NA
chr1,HAVANA,gene,15479028,15546976,NA,+,NA,ENSG00000171729,protein_coding,TMEM51,1,OTTHUMG00000002046.4_2,full_contig,1,overlap,NA,NA,NA,NA,NA,NA,NA,NA,NA,NA,NA,NA,NA,NA,NA
chr1,HAVANA,gene,15490840,15497813,NA,-,NA,ENSG00000204464,lincRNA,C1orf195,2,OTTHUMG00000037852.1_2,full_contig,1,overlap,NA,NA,NA,NA,NA,NA,NA,NA,NA,NA,NA,NA,NA,NA,NA
chr1,HAVANA,gene,15518324,15519341,NA,-,NA,ENSG00000215720,processed_pseudogene,RP1-21O18.3,1,OTTHUMG00000002045.2_4,full_contig,1,overlap,NA,NA,NA,NA,pseudo_consens,NA,NA,NA,NA,NA,NA,NA,NA,NA,NA
